ID,Date,Product,Region,SalesRep,Units,UnitPrice,Revenue,Discount,NetRevenue,Category
1,2023-08-02,Widget B,South,Bob Jones,13,373.35,4853.55,0.061,4557.48,Hardware
2,2023-10-17,Starter Kit,North,Alice Smith,457,277.22,126689.54,0.148,107939.49,Bundle
3,2020-07-10,Gadget Y,South,Grace Patel,120,257.61,30913.2,0.007,30696.81,Electronics
4,2021-03-27,Module W,South,Grace Patel,302,146.3,44182.6,0.217,34594.98,Accessories
5,2021-11-27,Device Pro,North,Bob Jones,80,115.49,9239.2,0.191,7474.51,Electronics
6,2022-02-17,Widget B,North,Henry Brown,184,425.26,78247.84,0.151,66432.42,Hardware
7,2023-01-03,Widget B,East,Frank Chen,499,461.91,230493.09,0.02,225883.23,Hardware
8,2023-03-28,Gadget Y,East,Bob Jones,361,44.07,15909.27,0.165,13284.24,Electronics
9,2021-04-21,Widget B,East,Carol Lee,195,146.2,28509.0,0.159,23976.07,Hardware
10,2022-01-28,Device Lite,International,Bob Jones,108,338.38,36545.04,0.175,30149.66,Electronics
11,2023-06-01,Ultra Kit,West,Grace Patel,88,271.72,23911.36,0.061,22452.77,Bundle
12,2021-07-06,Ultra Kit,North,David Kim,353,282.9,99863.7,0.171,82787.01,Bundle
13,2020-03-06,Device Lite,Central,Frank Chen,206,141.18,29083.08,0.053,27541.68,Electronics
14,2021-03-11,Ultra Kit,West,Carol Lee,256,203.85,52185.6,0.229,40235.1,Bundle
15,2021-06-26,Gadget X,International,Grace Patel,127,375.03,47628.81,0.135,41198.92,Electronics
16,2023-04-10,Module Z,Central,Henry Brown,186,117.46,21847.56,0.249,16407.52,Accessories
17,2020-07-05,Widget A,International,Grace Patel,441,63.72,28100.52,0.157,23688.74,Hardware
18,2023-05-06,Widget B,Central,Eva Martinez,198,196.98,39002.04,0.249,29290.53,Hardware
19,2023-02-07,Widget A,Central,Eva Martinez,349,363.14,126735.86,0.17,105190.76,Hardware
20,2023-08-05,Device Lite,North,Eva Martinez,58,153.81,8920.98,0.04,8564.14,Electronics
21,2022-10-22,Gadget X,East,David Kim,260,457.18,118866.8,0.218,92953.84,Electronics
22,2020-11-09,Device Lite,Central,Alice Smith,391,89.15,34857.65,0.238,26561.53,Electronics
23,2023-05-11,Device Lite,East,David Kim,251,19.53,4902.03,0.232,3764.76,Electronics
24,2020-04-28,Gadget Y,International,Henry Brown,450,287.99,129595.5,0.02,127003.59,Electronics
25,2020-05-21,Pack Plus,Central,Carol Lee,393,71.61,28142.73,0.165,23499.18,Accessories
26,2021-06-26,Pack Plus,Central,David Kim,447,307.22,137327.34,0.241,104231.45,Accessories
27,2023-12-31,Device Pro,West,Henry Brown,205,497.61,102010.05,0.162,85484.42,Electronics
28,2020-09-04,Gadget Y,Central,David Kim,116,41.36,4797.76,0.005,4773.77,Electronics
29,2023-04-20,Gadget Y,South,Bob Jones,4,44.78,179.12,0.158,150.82,Electronics
30,2020-03-05,Device Lite,West,David Kim,37,261.93,9691.41,0.07,9013.01,Electronics
31,2023-01-09,Gadget X,West,David Kim,371,468.39,173772.69,0.143,148923.2,Electronics
32,2022-08-26,Module Z,East,Grace Patel,98,56.21,5508.58,0.165,4599.66,Accessories
33,2022-04-21,Module W,International,Bob Jones,443,367.24,162687.32,0.168,135355.85,Accessories
34,2020-05-04,Module Z,South,David Kim,373,176.25,65741.25,0.215,51606.88,Accessories
35,2021-01-24,Pack Plus,West,David Kim,230,78.68,18096.4,0.046,17263.97,Accessories
36,2020-06-03,Module W,North,Alice Smith,414,432.05,178868.7,0.138,154184.82,Accessories
37,2020-07-10,Gadget Y,West,Alice Smith,86,209.13,17985.18,0.12,15826.96,Electronics
38,2020-12-03,Module Z,West,Eva Martinez,2,492.79,985.58,0.066,920.53,Accessories
39,2022-05-16,Starter Kit,International,Henry Brown,491,367.94,180658.54,0.196,145249.47,Bundle
40,2020-11-13,Gadget Y,International,Alice Smith,152,116.66,17732.32,0.015,17466.34,Electronics
41,2021-10-04,Widget A,Central,Carol Lee,26,296.24,7702.24,0.126,6731.76,Hardware
42,2020-04-26,Pack Plus,North,David Kim,42,427.15,17940.3,0.017,17635.31,Accessories
43,2022-04-06,Widget B,Central,Alice Smith,483,446.23,215529.09,0.062,202166.29,Hardware
44,2023-06-22,Widget B,East,Eva Martinez,215,332.1,71401.5,0.141,61333.89,Hardware
45,2021-02-22,Ultra Kit,South,Eva Martinez,367,163.94,60165.98,0.066,56195.03,Bundle
46,2022-07-25,Device Lite,West,Bob Jones,476,378.4,180118.4,0.018,176876.27,Electronics
47,2020-05-30,Pack Plus,East,Bob Jones,110,257.87,28365.7,0.033,27429.63,Accessories
48,2021-05-15,Device Lite,International,Eva Martinez,146,87.29,12744.34,0.208,10093.52,Electronics
49,2023-06-06,Ultra Kit,East,Bob Jones,271,13.82,3745.22,0.204,2981.2,Bundle
50,2020-10-02,Device Pro,South,Eva Martinez,60,445.95,26757.0,0.186,21780.2,Electronics
51,2021-07-31,Pack Basic,International,Eva Martinez,108,361.62,39054.96,0.051,37063.16,Accessories
52,2022-11-01,Module W,North,Grace Patel,129,453.6,58514.4,0.212,46109.35,Accessories
53,2021-07-20,Widget A,East,Carol Lee,2,173.43,346.86,0.033,335.41,Hardware
54,2022-06-23,Pack Plus,North,Carol Lee,362,219.56,79480.72,0.002,79321.76,Accessories
55,2023-01-22,Widget A,West,Carol Lee,428,190.91,81709.48,0.138,70433.57,Hardware
56,2020-03-26,Device Pro,North,Frank Chen,187,450.49,84241.63,0.199,67477.55,Electronics
57,2021-03-06,Ultra Kit,Central,Grace Patel,128,336.79,43109.12,0.088,39315.52,Bundle
58,2023-06-25,Starter Kit,South,Carol Lee,80,463.61,37088.8,0.059,34900.56,Bundle
59,2022-04-24,Widget A,West,David Kim,92,370.91,34123.72,0.083,31291.45,Hardware
60,2021-06-30,Gadget X,North,Henry Brown,404,353.62,142862.48,0.096,129147.68,Electronics
61,2021-03-31,Gadget Y,South,David Kim,419,460.03,192752.57,0.087,175983.1,Electronics
62,2020-02-18,Ultra Kit,North,Eva Martinez,99,205.24,20318.76,0.07,18896.45,Bundle
63,2021-12-20,Ultra Kit,Central,Frank Chen,261,205.83,53721.63,0.245,40559.83,Bundle
64,2020-02-26,Widget B,East,Alice Smith,450,485.49,218470.5,0.045,208639.33,Hardware
65,2020-08-10,Pack Basic,West,Bob Jones,223,179.38,40001.74,0.197,32121.4,Accessories
66,2022-02-27,Pack Basic,North,David Kim,98,134.8,13210.4,0.177,10872.16,Accessories
67,2022-01-15,Module Z,Central,Frank Chen,36,474.94,17097.84,0.23,13165.34,Accessories
68,2023-09-20,Widget B,International,Grace Patel,369,451.01,166422.69,0.127,145287.01,Hardware
69,2021-10-30,Module Z,West,Grace Patel,357,154.86,55285.02,0.032,53515.9,Accessories
70,2023-10-19,Starter Kit,West,Alice Smith,463,95.26,44105.38,0.142,37842.42,Bundle
71,2021-09-14,Device Pro,International,Frank Chen,108,220.64,23829.12,0.145,20373.9,Electronics
72,2022-08-10,Module W,International,Carol Lee,227,341.05,77418.35,0.128,67508.8,Accessories
73,2023-09-11,Widget B,East,Bob Jones,146,262.56,38333.76,0.158,32277.03,Hardware
74,2021-04-26,Ultra Kit,North,Alice Smith,159,120.06,19089.54,0.05,18135.06,Bundle
75,2021-05-16,Module W,West,David Kim,313,426.36,133450.68,0.018,131048.57,Accessories
76,2023-11-27,Module Z,International,Alice Smith,254,205.82,52278.28,0.037,50343.98,Accessories
77,2020-08-06,Module Z,Central,Henry Brown,113,96.17,10867.21,0.239,8269.95,Accessories
78,2020-04-12,Pack Plus,South,Henry Brown,128,459.55,58822.4,0.03,57057.73,Accessories
79,2023-09-29,Pack Plus,West,Grace Patel,287,301.76,86605.12,0.238,65993.1,Accessories
80,2023-01-27,Module W,West,Eva Martinez,460,87.98,40470.8,0.215,31769.58,Accessories
81,2021-05-21,Ultra Kit,International,David Kim,142,385.24,54704.08,0.13,47592.55,Bundle
82,2021-07-16,Module W,East,Frank Chen,40,359.63,14385.2,0.059,13536.47,Accessories
83,2023-01-11,Widget B,South,David Kim,71,83.9,5956.9,0.096,5385.04,Hardware
84,2020-05-11,Module Z,North,David Kim,209,172.12,35973.08,0.116,31800.2,Accessories
85,2022-05-10,Module Z,North,Grace Patel,464,387.19,179656.16,0.237,137077.65,Accessories
86,2022-09-03,Widget A,West,David Kim,483,182.35,88075.05,0.188,71516.94,Hardware
87,2022-09-26,Gadget Y,East,Grace Patel,140,223.55,31297.0,0.007,31077.92,Electronics
88,2020-12-04,Module W,North,Grace Patel,471,72.53,34161.63,0.156,28832.42,Accessories
89,2023-04-27,Pack Basic,South,Henry Brown,340,23.27,7911.8,0.161,6638.0,Accessories
90,2021-01-07,Widget A,East,Frank Chen,134,195.75,26230.5,0.053,24840.28,Hardware
91,2022-02-15,Device Pro,North,Henry Brown,386,476.08,183766.88,0.105,164471.36,Electronics
92,2020-02-09,Starter Kit,South,Bob Jones,277,35.51,9836.27,0.238,7495.24,Bundle
93,2023-08-27,Widget A,North,Carol Lee,387,25.19,9748.53,0.062,9144.12,Hardware
94,2021-05-03,Gadget X,South,Henry Brown,243,338.02,82138.86,0.141,70557.28,Electronics
95,2023-12-03,Device Pro,International,Bob Jones,393,190.75,74964.75,0.151,63645.07,Electronics
96,2020-12-01,Device Pro,Central,Grace Patel,56,293.55,16438.8,0.232,12625.0,Electronics
97,2022-03-23,Starter Kit,International,David Kim,102,47.23,4817.46,0.173,3984.04,Bundle
98,2020-07-27,Starter Kit,North,Alice Smith,396,157.77,62476.92,0.171,51793.37,Bundle
99,2021-12-12,Pack Plus,International,Frank Chen,220,334.14,73510.8,0.017,72261.12,Accessories
100,2020-01-26,Module Z,East,Henry Brown,422,250.19,105580.18,0.108,94177.52,Accessories
101,2023-12-19,Gadget X,International,Eva Martinez,223,96.3,21474.9,0.13,18683.16,Electronics
102,2023-06-15,Pack Plus,International,Eva Martinez,397,246.9,98019.3,0.109,87335.2,Accessories
103,2021-10-22,Gadget Y,West,David Kim,426,467.95,199346.7,0.07,185392.43,Electronics
104,2022-08-09,Pack Basic,West,Frank Chen,313,337.4,105606.2,0.084,96735.28,Accessories
105,2021-01-07,Module W,East,Eva Martinez,109,183.85,20039.65,0.065,18737.07,Accessories
106,2023-02-12,Widget A,International,Grace Patel,265,474.54,125753.1,0.021,123112.28,Hardware
107,2022-09-27,Pack Plus,International,Henry Brown,389,127.75,49694.75,0.119,43781.07,Accessories
108,2022-07-06,Widget A,South,Eva Martinez,48,154.17,7400.16,0.101,6652.74,Hardware
109,2023-09-21,Pack Basic,West,Frank Chen,189,241.89,45717.21,0.133,39636.82,Accessories
110,2021-12-21,Starter Kit,North,David Kim,233,142.74,33258.42,0.063,31163.14,Bundle
111,2021-10-08,Widget B,South,David Kim,381,272.56,103845.36,0.191,84010.9,Hardware
112,2021-03-19,Starter Kit,Central,Eva Martinez,248,145.47,36076.56,0.147,30773.31,Bundle
113,2020-07-24,Gadget Y,North,Carol Lee,152,121.46,18461.92,0.045,17631.13,Electronics
114,2021-07-15,Widget A,South,Henry Brown,499,36.71,18318.29,0.073,16981.05,Hardware
115,2020-07-29,Widget A,East,Carol Lee,294,149.32,43900.08,0.12,38632.07,Hardware
116,2020-04-15,Device Pro,North,Grace Patel,482,432.23,208334.86,0.029,202293.15,Electronics
117,2022-10-04,Widget B,South,Eva Martinez,296,318.42,94252.32,0.013,93027.04,Hardware
118,2020-06-23,Gadget Y,Central,David Kim,61,283.45,17290.45,0.104,15492.24,Electronics
119,2022-12-06,Module Z,Central,Grace Patel,231,455.16,105141.96,0.074,97361.45,Accessories
120,2021-09-17,Pack Basic,North,David Kim,318,39.5,12561.0,0.24,9546.36,Accessories
121,2023-07-05,Gadget Y,South,Bob Jones,136,333.6,45369.6,0.039,43600.19,Electronics
122,2020-11-16,Widget A,East,Alice Smith,210,230.74,48455.4,0.148,41284.0,Hardware
123,2021-04-19,Device Pro,North,David Kim,362,148.52,53764.24,0.215,42204.93,Electronics
124,2021-06-25,Ultra Kit,West,Bob Jones,302,333.97,100858.94,0.233,77358.81,Bundle
125,2023-01-20,Gadget Y,South,Bob Jones,332,82.99,27552.68,0.066,25734.2,Electronics
126,2020-05-02,Gadget X,Central,Eva Martinez,406,160.72,65252.32,0.187,53050.14,Electronics
127,2022-06-18,Widget B,East,Henry Brown,240,347.44,83385.6,0.175,68793.12,Hardware
128,2022-06-15,Widget B,East,Eva Martinez,307,29.52,9062.64,0.108,8083.87,Hardware
129,2020-02-22,Widget B,Central,Alice Smith,118,481.33,56796.94,0.209,44926.38,Hardware
130,2023-10-08,Device Pro,West,Henry Brown,296,29.7,8791.2,0.189,7129.66,Electronics
131,2021-07-23,Gadget X,North,Henry Brown,300,223.57,67071.0,0.204,53388.52,Electronics
132,2021-12-13,Module Z,South,Frank Chen,171,167.31,28610.01,0.026,27866.15,Accessories
133,2022-04-23,Starter Kit,Central,Alice Smith,254,151.22,38409.88,0.236,29345.15,Bundle
134,2022-07-20,Widget B,West,Alice Smith,162,133.67,21654.54,0.029,21026.56,Hardware
135,2023-09-08,Pack Plus,East,Henry Brown,237,212.48,50357.76,0.047,47990.95,Accessories
136,2023-07-04,Module W,South,Eva Martinez,390,35.28,13759.2,0.067,12837.33,Accessories
137,2022-06-16,Starter Kit,Central,David Kim,249,69.49,17303.01,0.243,13098.38,Bundle
138,2023-12-24,Gadget X,North,David Kim,160,279.9,44784.0,0.138,38603.81,Electronics
139,2020-08-20,Module W,West,Eva Martinez,485,67.55,32761.75,0.208,25947.31,Accessories
140,2022-11-08,Starter Kit,West,David Kim,140,213.58,29901.2,0.121,26283.15,Bundle
141,2022-07-24,Pack Plus,Central,Carol Lee,75,197.95,14846.25,0.23,11431.61,Accessories
142,2020-05-22,Device Pro,Central,Eva Martinez,396,397.09,157247.64,0.104,140893.89,Electronics
143,2020-01-06,Device Pro,International,Henry Brown,372,156.28,58136.16,0.147,49590.14,Electronics
144,2020-10-31,Module W,Central,Grace Patel,276,247.32,68260.32,0.083,62594.71,Accessories
145,2022-07-21,Device Lite,Central,Grace Patel,446,102.43,45683.78,0.174,37734.8,Electronics
146,2021-04-23,Module Z,West,Grace Patel,23,165.9,3815.7,0.118,3365.45,Accessories
147,2023-09-21,Ultra Kit,Central,Frank Chen,78,252.7,19710.6,0.009,19533.2,Bundle
148,2020-07-24,Module W,International,Carol Lee,52,267.71,13920.92,0.114,12333.94,Accessories
149,2022-04-19,Ultra Kit,East,Frank Chen,497,85.63,42558.11,0.117,37578.81,Bundle
150,2023-06-30,Starter Kit,International,Grace Patel,204,328.41,66995.64,0.213,52725.57,Bundle
151,2021-10-10,Ultra Kit,Central,Alice Smith,368,444.83,163697.44,0.122,143726.35,Bundle
152,2023-06-18,Widget B,South,Bob Jones,121,319.26,38630.46,0.23,29745.45,Hardware
153,2022-06-07,Widget B,West,Carol Lee,390,320.53,125006.7,0.218,97755.24,Hardware
154,2023-11-22,Device Pro,North,Eva Martinez,463,24.17,11190.71,0.081,10284.26,Electronics
155,2022-01-04,Device Lite,Central,Carol Lee,221,81.32,17971.72,0.133,15581.48,Electronics
156,2020-12-14,Gadget X,International,David Kim,41,308.64,12654.24,0.096,11439.43,Electronics
157,2022-10-16,Pack Basic,West,Eva Martinez,74,123.76,9158.24,0.159,7702.08,Accessories
158,2023-09-27,Widget A,International,Carol Lee,461,404.26,186363.86,0.225,144431.99,Hardware
159,2020-05-31,Module W,International,Grace Patel,484,179.32,86790.88,0.147,74032.62,Accessories
160,2023-11-14,Device Pro,West,Henry Brown,234,424.19,99260.46,0.05,94297.44,Electronics
161,2020-08-06,Gadget Y,International,Eva Martinez,196,290.23,56885.08,0.144,48693.63,Electronics
162,2020-02-14,Ultra Kit,International,Alice Smith,203,144.49,29331.47,0.141,25195.73,Bundle
163,2023-05-26,Starter Kit,South,Frank Chen,255,418.08,106610.4,0.226,82516.45,Bundle
164,2021-03-24,Ultra Kit,International,Carol Lee,98,314.23,30794.54,0.169,25590.26,Bundle
165,2023-07-10,Widget B,West,Alice Smith,463,317.44,146974.72,0.01,145504.97,Hardware
166,2023-04-01,Device Lite,East,Grace Patel,375,74.38,27892.5,0.227,21560.9,Electronics
167,2020-12-25,Gadget Y,East,Eva Martinez,68,395.38,26885.84,0.219,20997.84,Electronics
168,2020-12-02,Device Pro,East,Frank Chen,468,414.09,193794.12,0.12,170538.83,Electronics
169,2020-08-23,Module W,South,Grace Patel,494,46.89,23163.66,0.189,18785.73,Accessories
170,2023-02-15,Device Lite,Central,Bob Jones,47,397.42,18678.74,0.003,18622.7,Electronics
171,2022-07-20,Device Lite,West,Frank Chen,345,377.01,130068.45,0.066,121483.93,Electronics
172,2020-08-09,Ultra Kit,Central,Frank Chen,120,241.01,28921.2,0.155,24438.41,Bundle
173,2023-06-03,Gadget Y,International,Eva Martinez,332,40.97,13602.04,0.206,10800.02,Electronics
174,2023-08-22,Module Z,East,Henry Brown,60,78.48,4708.8,0.237,3592.81,Accessories
175,2020-08-25,Widget B,West,Frank Chen,121,444.75,53814.75,0.034,51985.05,Hardware
176,2023-10-05,Starter Kit,International,Carol Lee,357,473.52,169046.64,0.105,151296.74,Bundle
177,2022-04-29,Ultra Kit,East,Alice Smith,51,418.5,21343.5,0.154,18056.6,Bundle
178,2023-11-14,Device Lite,East,Bob Jones,112,227.25,25452.0,0.238,19394.42,Electronics
179,2023-11-05,Device Lite,North,Grace Patel,279,451.82,126057.78,0.161,105762.48,Electronics
180,2021-07-19,Gadget Y,West,Bob Jones,496,69.85,34645.6,0.212,27300.73,Electronics
181,2023-09-19,Gadget Y,North,Frank Chen,329,323.34,106378.86,0.243,80528.8,Electronics
182,2021-05-13,Gadget X,Central,David Kim,403,286.63,115511.89,0.017,113548.19,Electronics
183,2023-04-15,Gadget Y,South,Alice Smith,417,436.14,181870.38,0.082,166957.01,Electronics
184,2021-07-21,Gadget X,North,Alice Smith,67,274.7,18404.9,0.2,14723.92,Electronics
185,2020-09-26,Widget A,East,Alice Smith,184,397.08,73062.72,0.059,68752.02,Hardware
186,2020-12-22,Device Pro,North,Bob Jones,27,72.1,1946.7,0.105,1742.3,Electronics
187,2022-09-02,Module W,West,David Kim,399,187.39,74768.61,0.148,63702.86,Accessories
188,2023-06-13,Widget A,Central,Eva Martinez,373,393.77,146876.21,0.217,115004.07,Hardware
189,2022-07-27,Ultra Kit,West,Grace Patel,494,25.25,12473.5,0.25,9355.12,Bundle
190,2023-11-06,Widget B,North,Frank Chen,252,359.07,90485.64,0.111,80441.73,Hardware
191,2023-05-30,Gadget X,Central,Frank Chen,34,71.82,2441.88,0.156,2060.95,Electronics
192,2022-02-19,Pack Basic,West,Bob Jones,272,154.49,42021.28,0.126,36726.6,Accessories
193,2023-12-08,Widget B,Central,David Kim,437,330.8,144559.6,0.219,112901.05,Hardware
194,2022-05-30,Module W,West,Grace Patel,455,121.95,55487.25,0.085,50770.83,Accessories
195,2022-05-01,Starter Kit,East,Frank Chen,49,163.14,7993.86,0.078,7370.34,Bundle
196,2020-11-08,Ultra Kit,North,Bob Jones,473,242.38,114645.74,0.023,112008.89,Bundle
197,2022-06-03,Widget B,Central,Alice Smith,382,372.0,142104.0,0.203,113256.89,Hardware
198,2023-04-16,Pack Plus,East,Grace Patel,288,171.52,49397.76,0.031,47866.43,Accessories
199,2020-04-15,Device Pro,Central,David Kim,308,163.09,50231.72,0.026,48925.7,Electronics
200,2020-11-12,Ultra Kit,Central,Frank Chen,247,119.87,29607.89,0.027,28808.48,Bundle
201,2020-08-23,Device Pro,Central,Alice Smith,294,120.81,35518.14,0.107,31717.7,Electronics
202,2023-06-01,Ultra Kit,East,Eva Martinez,425,349.79,148660.75,0.007,147620.12,Bundle
203,2021-11-26,Device Lite,International,Grace Patel,4,98.88,395.52,0.036,381.28,Electronics
204,2020-05-22,Gadget X,International,David Kim,380,320.24,121691.2,0.008,120717.67,Electronics
205,2022-02-09,Module Z,International,Frank Chen,233,177.03,41247.99,0.093,37411.93,Accessories
206,2023-03-08,Pack Basic,Central,Alice Smith,44,442.83,19484.52,0.039,18724.62,Accessories
207,2023-10-12,Widget B,Central,Henry Brown,140,227.12,31796.8,0.106,28426.34,Hardware
208,2022-04-28,Device Pro,West,Bob Jones,111,379.91,42170.01,0.028,40989.25,Electronics
209,2021-08-03,Ultra Kit,East,Alice Smith,348,300.63,104619.24,0.132,90809.5,Bundle
210,2021-03-27,Module Z,South,Carol Lee,307,36.83,11306.81,0.051,10730.16,Accessories
211,2021-06-07,Device Pro,West,Carol Lee,168,68.78,11555.04,0.124,10122.22,Electronics
212,2020-09-21,Module Z,International,Frank Chen,273,354.79,96857.67,0.125,84750.46,Accessories
213,2020-05-27,Module Z,West,Bob Jones,442,373.59,165126.78,0.109,147127.96,Accessories
214,2021-10-03,Pack Basic,West,Eva Martinez,220,290.96,64011.2,0.177,52681.22,Accessories
215,2020-08-23,Module Z,Central,Henry Brown,11,483.43,5317.73,0.043,5089.07,Accessories
216,2023-11-13,Device Lite,West,Grace Patel,46,223.98,10303.08,0.026,10035.2,Electronics
217,2022-12-09,Widget B,South,Frank Chen,203,436.55,88619.65,0.186,72136.4,Hardware
218,2020-12-10,Widget B,South,Frank Chen,262,320.27,83910.74,0.133,72750.61,Hardware
219,2021-12-20,Starter Kit,South,Bob Jones,491,411.27,201933.57,0.204,160739.12,Bundle
220,2020-10-26,Device Pro,International,Bob Jones,102,95.0,9690.0,0.038,9321.78,Electronics
221,2020-12-28,Ultra Kit,Central,Henry Brown,253,237.33,60044.49,0.141,51578.22,Bundle
222,2023-10-26,Pack Basic,International,Frank Chen,330,321.29,106025.7,0.156,89485.69,Accessories
223,2020-11-05,Module W,East,Alice Smith,35,239.76,8391.6,0.158,7065.73,Accessories
224,2021-12-21,Pack Plus,North,Frank Chen,38,162.09,6159.42,0.113,5463.41,Accessories
225,2021-08-10,Widget B,Central,Grace Patel,331,433.47,143478.57,0.214,112774.16,Hardware
226,2022-08-05,Pack Basic,North,Henry Brown,284,477.56,135627.04,0.185,110536.04,Accessories
227,2023-03-16,Ultra Kit,South,Alice Smith,97,167.54,16251.38,0.119,14317.47,Bundle
228,2022-07-11,Widget B,International,Bob Jones,416,450.56,187432.96,0.086,171313.73,Hardware
229,2022-10-30,Ultra Kit,West,Carol Lee,89,29.17,2596.13,0.177,2136.61,Bundle
230,2022-01-15,Device Lite,East,Alice Smith,470,148.61,69846.7,0.102,62722.34,Electronics
231,2023-07-16,Ultra Kit,International,Grace Patel,172,42.29,7273.88,0.024,7099.31,Bundle
232,2021-08-04,Device Pro,Central,Carol Lee,371,427.26,158513.46,0.241,120311.72,Electronics
233,2021-11-13,Widget B,East,Grace Patel,299,335.16,100212.84,0.229,77264.1,Hardware
234,2020-09-21,Pack Basic,West,Frank Chen,363,469.61,170468.43,0.077,157342.36,Accessories
235,2020-09-18,Ultra Kit,International,Bob Jones,360,416.18,149824.8,0.185,122107.21,Bundle
236,2023-08-16,Ultra Kit,East,Carol Lee,217,259.15,56235.55,0.005,55954.37,Bundle
237,2021-03-14,Device Lite,South,Carol Lee,486,385.41,187309.26,0.048,178318.42,Electronics
238,2020-06-07,Device Pro,Central,Alice Smith,433,396.17,171541.61,0.127,149755.83,Electronics
239,2023-09-17,Device Lite,West,Carol Lee,449,385.48,173080.52,0.033,167368.86,Electronics
240,2020-11-28,Gadget X,South,Henry Brown,426,349.48,148878.48,0.156,125653.44,Electronics
241,2020-03-30,Module Z,West,Eva Martinez,187,341.41,63843.67,0.059,60076.89,Accessories
242,2022-07-08,Gadget Y,West,David Kim,274,127.18,34847.32,0.241,26449.12,Electronics
243,2022-01-23,Ultra Kit,East,Grace Patel,485,289.5,140407.5,0.11,124962.68,Bundle
244,2022-10-26,Pack Plus,Central,Carol Lee,215,483.46,103943.9,0.204,82739.34,Accessories
245,2021-05-27,Widget A,North,Bob Jones,329,245.48,80762.92,0.093,73251.97,Hardware
246,2021-08-06,Widget B,Central,Carol Lee,391,88.54,34619.14,0.112,30741.8,Hardware
247,2022-06-14,Widget B,East,Alice Smith,485,456.14,221227.9,0.204,176097.41,Hardware
248,2022-04-29,Widget A,North,Frank Chen,203,255.97,51961.91,0.059,48896.16,Hardware
249,2021-04-04,Widget A,International,Frank Chen,164,466.09,76438.76,0.21,60386.62,Hardware
250,2020-10-26,Gadget X,International,Carol Lee,20,150.56,3011.2,0.207,2387.88,Electronics
251,2023-12-15,Module W,North,Eva Martinez,230,311.51,71647.3,0.226,55455.01,Accessories
252,2021-03-17,Gadget X,West,Bob Jones,281,470.7,132266.7,0.152,112162.16,Electronics
253,2021-08-13,Gadget Y,International,Henry Brown,155,69.7,10803.5,0.06,10155.29,Electronics
254,2020-05-08,Widget B,North,David Kim,429,453.51,194555.79,0.149,165566.98,Hardware
255,2020-10-21,Device Pro,Central,Grace Patel,220,10.76,2367.2,0.088,2158.89,Electronics
256,2021-01-18,Ultra Kit,North,Alice Smith,343,51.94,17815.42,0.244,13468.46,Bundle
257,2022-03-10,Module W,East,Alice Smith,23,321.47,7393.81,0.245,5582.33,Accessories
258,2022-01-01,Widget B,North,Frank Chen,177,128.14,22680.78,0.164,18961.13,Hardware
259,2020-09-30,Widget A,South,Henry Brown,181,277.54,50234.74,0.203,40037.09,Hardware
260,2023-11-25,Module W,International,Henry Brown,324,99.31,32176.44,0.034,31082.44,Accessories
261,2020-03-16,Device Pro,North,Frank Chen,104,31.46,3271.84,0.05,3108.25,Electronics
262,2021-09-27,Pack Plus,East,Alice Smith,204,494.66,100910.64,0.136,87186.79,Accessories
263,2023-08-17,Gadget Y,International,Frank Chen,147,184.91,27181.77,0.195,21881.32,Electronics
264,2021-07-13,Widget B,International,Henry Brown,410,190.32,78031.2,0.222,60708.27,Hardware
265,2022-03-02,Device Lite,East,Eva Martinez,499,101.53,50663.47,0.173,41898.69,Electronics
266,2020-06-18,Starter Kit,South,Eva Martinez,218,48.66,10607.88,0.151,9006.09,Bundle
267,2021-10-19,Widget B,West,Grace Patel,41,170.67,6997.47,0.074,6479.66,Hardware
268,2020-12-07,Starter Kit,East,Grace Patel,228,182.25,41553.0,0.011,41095.92,Bundle
269,2021-07-16,Ultra Kit,International,Grace Patel,406,474.46,192630.76,0.019,188970.78,Bundle
270,2022-01-14,Pack Plus,North,Carol Lee,411,377.44,155127.84,0.04,148922.73,Accessories
271,2023-05-29,Ultra Kit,South,Frank Chen,401,224.69,90100.69,0.032,87217.47,Bundle
272,2022-01-11,Module Z,International,Henry Brown,487,287.94,140226.78,0.151,119052.54,Accessories
273,2022-01-29,Device Lite,Central,Frank Chen,228,383.9,87529.2,0.143,75012.52,Electronics
274,2022-03-26,Device Lite,North,Carol Lee,333,146.55,48801.15,0.24,37088.87,Electronics
275,2022-10-19,Pack Plus,East,Henry Brown,199,457.63,91068.37,0.029,88427.39,Accessories
276,2021-03-15,Pack Basic,South,Bob Jones,147,350.04,51455.88,0.25,38591.91,Accessories
277,2020-10-04,Widget B,North,Frank Chen,232,94.59,21944.88,0.178,18038.69,Hardware
278,2023-09-29,Device Lite,East,Carol Lee,364,41.81,15218.84,0.136,13149.08,Electronics
279,2023-12-28,Starter Kit,East,David Kim,475,353.1,167722.5,0.044,160342.71,Bundle
280,2020-09-05,Gadget Y,North,Frank Chen,406,78.04,31684.24,0.198,25410.76,Electronics
281,2023-02-08,Pack Basic,South,Bob Jones,189,239.02,45174.78,0.246,34061.78,Accessories
282,2020-05-14,Device Pro,Central,Grace Patel,204,499.79,101957.16,0.18,83604.87,Electronics
283,2022-04-18,Pack Basic,North,Henry Brown,38,71.4,2713.2,0.079,2498.86,Accessories
284,2022-08-12,Ultra Kit,Central,Carol Lee,265,178.8,47382.0,0.219,37005.34,Bundle
285,2020-09-21,Module Z,North,Carol Lee,258,456.24,117709.92,0.014,116061.98,Accessories
286,2021-09-14,Gadget X,East,Eva Martinez,83,168.09,13951.47,0.177,11482.06,Electronics
287,2020-06-10,Device Pro,South,Eva Martinez,101,321.17,32438.17,0.138,27961.7,Electronics
288,2023-06-12,Pack Plus,Central,Carol Lee,48,256.25,12300.0,0.042,11783.4,Accessories
289,2020-12-16,Ultra Kit,Central,Alice Smith,320,363.1,116192.0,0.151,98647.01,Bundle
290,2020-02-28,Widget B,East,David Kim,24,474.78,11394.72,0.193,9195.54,Hardware
291,2023-03-17,Module Z,International,Eva Martinez,317,323.1,102422.7,0.125,89619.86,Accessories
292,2023-08-07,Device Pro,West,Eva Martinez,248,129.98,32235.04,0.202,25723.56,Electronics
293,2022-07-17,Widget B,West,Henry Brown,353,39.35,13890.55,0.11,12362.59,Hardware
294,2021-02-21,Device Lite,East,Frank Chen,311,80.39,25001.29,0.215,19626.01,Electronics
295,2022-03-27,Gadget X,East,David Kim,390,191.55,74704.5,0.14,64245.87,Electronics
296,2022-08-13,Widget B,North,Eva Martinez,137,230.29,31549.73,0.035,30445.49,Hardware
297,2022-02-25,Pack Basic,South,Frank Chen,215,131.64,28302.6,0.216,22189.24,Accessories
298,2023-03-29,Starter Kit,Central,Henry Brown,161,103.01,16584.61,0.04,15921.23,Bundle
299,2022-10-18,Device Pro,Central,Henry Brown,255,21.35,5444.25,0.236,4159.41,Electronics
300,2021-05-08,Gadget Y,West,Henry Brown,299,182.91,54690.09,0.013,53979.12,Electronics
301,2021-08-08,Pack Plus,East,Frank Chen,5,425.1,2125.5,0.108,1895.95,Accessories
302,2022-04-05,Device Lite,South,Frank Chen,24,206.27,4950.48,0.143,4242.56,Electronics
303,2023-02-07,Device Pro,Central,Eva Martinez,38,199.3,7573.4,0.113,6717.61,Electronics
304,2023-06-30,Ultra Kit,West,Frank Chen,313,68.21,21349.73,0.244,16140.4,Bundle
305,2021-11-25,Pack Plus,Central,Grace Patel,481,189.14,90976.34,0.036,87701.19,Accessories
306,2022-10-21,Widget A,West,Henry Brown,24,29.06,697.44,0.178,573.3,Hardware
307,2020-11-01,Pack Basic,Central,Frank Chen,458,262.59,120266.22,0.082,110404.39,Accessories
308,2020-11-28,Module Z,East,Henry Brown,316,372.26,117634.16,0.075,108811.6,Accessories
309,2023-12-22,Pack Basic,East,Bob Jones,154,242.69,37374.26,0.004,37224.76,Accessories
310,2022-05-03,Pack Basic,International,Alice Smith,158,400.4,63263.2,0.181,51812.56,Accessories
311,2023-05-07,Module W,Central,David Kim,136,483.85,65803.6,0.196,52906.09,Accessories
312,2020-04-15,Pack Basic,Central,Grace Patel,246,93.54,23010.84,0.157,19398.14,Accessories
313,2020-10-29,Ultra Kit,North,David Kim,125,25.46,3182.5,0.237,2428.25,Bundle
314,2020-02-08,Module W,South,Grace Patel,161,215.19,34645.59,0.103,31077.09,Accessories
315,2022-10-24,Pack Basic,International,Alice Smith,472,241.08,113789.76,0.212,89666.33,Accessories
316,2023-12-16,Gadget X,International,Henry Brown,266,111.59,29682.94,0.081,27278.62,Electronics
317,2022-12-12,Module Z,Central,Frank Chen,161,478.77,77081.97,0.115,68217.54,Accessories
318,2023-01-23,Device Lite,International,Eva Martinez,347,388.26,134726.22,0.18,110475.5,Electronics
319,2023-06-03,Module W,East,David Kim,99,479.09,47429.91,0.07,44109.82,Accessories
320,2021-09-01,Device Pro,East,Henry Brown,361,111.56,40273.16,0.176,33185.08,Electronics
321,2021-12-15,Pack Plus,East,Bob Jones,479,467.89,224119.31,0.18,183777.83,Accessories
322,2023-03-20,Ultra Kit,East,Carol Lee,279,196.04,54695.16,0.245,41294.85,Bundle
323,2021-08-17,Widget A,West,Eva Martinez,148,478.09,70757.32,0.02,69342.17,Hardware
324,2022-09-08,Gadget Y,Central,Eva Martinez,104,415.69,43231.76,0.068,40292.0,Electronics
325,2020-10-08,Widget B,North,David Kim,316,373.03,117877.48,0.06,110804.83,Hardware
326,2023-07-30,Gadget Y,West,Bob Jones,27,59.09,1595.43,0.083,1463.01,Electronics
327,2023-10-27,Gadget X,South,Grace Patel,3,482.6,1447.8,0.244,1094.54,Electronics
328,2023-08-30,Module W,East,Frank Chen,245,328.75,80543.75,0.189,65320.98,Accessories
329,2021-08-07,Ultra Kit,Central,David Kim,31,454.88,14101.28,0.022,13791.05,Bundle
330,2022-12-31,Starter Kit,South,Grace Patel,371,426.65,158287.15,0.009,156862.57,Bundle
331,2020-12-26,Widget A,International,Eva Martinez,429,204.52,87739.08,0.124,76859.43,Hardware
332,2020-03-17,Widget A,East,Eva Martinez,153,288.29,44108.37,0.027,42917.44,Hardware
333,2022-07-19,Ultra Kit,South,Henry Brown,279,266.91,74467.89,0.222,57936.02,Bundle
334,2021-07-12,Gadget Y,West,Eva Martinez,415,65.19,27053.85,0.041,25944.64,Electronics
335,2021-01-16,Widget A,International,David Kim,378,175.17,66214.26,0.074,61314.4,Hardware
336,2020-12-25,Pack Basic,West,Frank Chen,439,322.97,141783.83,0.101,127463.66,Accessories
337,2020-06-26,Module Z,West,Frank Chen,343,56.73,19458.39,0.245,14691.08,Accessories
338,2021-05-23,Widget A,East,Frank Chen,134,197.94,26523.96,0.112,23553.28,Hardware
339,2021-09-10,Pack Basic,East,David Kim,371,290.7,107849.7,0.065,100839.47,Accessories
340,2020-05-07,Ultra Kit,International,Eva Martinez,61,238.03,14519.83,0.04,13939.04,Bundle
341,2023-11-14,Widget B,Central,David Kim,328,458.89,150515.92,0.074,139377.74,Hardware
342,2021-03-24,Gadget X,Central,Frank Chen,245,85.05,20837.25,0.187,16940.68,Electronics
343,2022-05-01,Starter Kit,International,David Kim,282,457.26,128947.32,0.189,104576.28,Bundle
344,2021-05-21,Ultra Kit,Central,Henry Brown,387,301.94,116850.78,0.197,93831.18,Bundle
345,2022-12-17,Starter Kit,North,David Kim,186,48.26,8976.36,0.141,7710.69,Bundle
346,2023-03-18,Pack Plus,West,Bob Jones,77,90.61,6976.97,0.214,5483.9,Accessories
347,2023-10-25,Gadget Y,Central,Henry Brown,368,295.73,108828.64,0.023,106325.58,Electronics
348,2020-04-23,Module W,North,Henry Brown,68,261.48,17780.64,0.114,15753.65,Accessories
349,2023-10-09,Device Pro,North,David Kim,371,20.66,7664.86,0.064,7174.31,Electronics
350,2023-03-30,Widget B,Central,Alice Smith,24,217.6,5222.4,0.175,4308.48,Hardware
351,2020-05-21,Module W,South,Grace Patel,17,150.66,2561.22,0.045,2445.97,Accessories
352,2022-02-05,Module Z,West,Bob Jones,230,436.1,100303.0,0.227,77534.22,Accessories
353,2023-10-30,Ultra Kit,East,Bob Jones,448,274.25,122864.0,0.163,102837.17,Bundle
354,2020-12-31,Pack Plus,South,Alice Smith,202,269.12,54362.24,0.182,44468.31,Accessories
355,2020-02-16,Device Pro,Central,Grace Patel,238,340.0,80920.0,0.136,69914.88,Electronics
356,2021-04-15,Gadget Y,International,Bob Jones,236,179.61,42387.96,0.069,39463.19,Electronics
357,2020-03-06,Ultra Kit,North,David Kim,215,311.3,66929.5,0.234,51268.0,Bundle
358,2021-02-26,Widget B,International,Alice Smith,52,301.02,15653.04,0.112,13899.9,Hardware
359,2021-05-16,Starter Kit,South,Alice Smith,23,207.1,4763.3,0.059,4482.27,Bundle
360,2020-10-13,Pack Plus,Central,Frank Chen,149,124.73,18584.77,0.229,14328.86,Accessories
361,2023-03-28,Pack Basic,East,Carol Lee,396,339.53,134453.88,0.08,123697.57,Accessories
362,2023-09-14,Pack Plus,Central,Carol Lee,114,212.63,24239.82,0.069,22567.27,Accessories
363,2023-07-06,Ultra Kit,East,Grace Patel,219,282.36,61836.84,0.012,61094.8,Bundle
364,2022-12-10,Device Lite,West,Carol Lee,357,213.99,76394.43,0.037,73567.84,Electronics
365,2023-01-06,Module W,International,Carol Lee,124,426.17,52845.08,0.075,48881.7,Accessories
366,2022-08-06,Widget A,Central,Carol Lee,288,212.2,61113.6,0.104,54757.79,Hardware
367,2022-03-06,Gadget Y,West,Frank Chen,131,109.62,14360.22,0.162,12033.86,Electronics
368,2020-07-08,Pack Plus,West,Alice Smith,371,416.4,154484.4,0.013,152476.1,Accessories
369,2020-05-29,Gadget Y,Central,David Kim,412,383.22,157886.64,0.181,129309.16,Electronics
370,2022-09-08,Gadget Y,North,David Kim,446,454.44,202680.24,0.076,187276.54,Electronics
371,2021-01-24,Starter Kit,South,David Kim,61,375.96,22933.56,0.189,18599.12,Bundle
372,2022-03-23,Gadget Y,West,Frank Chen,283,167.58,47425.14,0.071,44057.96,Electronics
373,2021-09-23,Device Pro,North,Henry Brown,185,261.27,48334.95,0.124,42341.42,Electronics
374,2021-10-17,Gadget Y,South,Carol Lee,190,163.32,31030.8,0.011,30689.46,Electronics
375,2020-02-03,Device Pro,West,Eva Martinez,284,468.02,132917.68,0.145,113644.62,Electronics
376,2020-11-08,Gadget Y,South,Henry Brown,169,122.7,20736.3,0.142,17791.75,Electronics
377,2023-02-01,Ultra Kit,West,Henry Brown,484,345.56,167251.04,0.064,156546.97,Bundle
378,2022-08-01,Gadget X,International,Henry Brown,376,399.53,150223.28,0.042,143913.9,Electronics
379,2021-01-11,Pack Plus,North,Alice Smith,329,479.04,157604.16,0.131,136958.02,Accessories
380,2020-01-14,Module Z,International,Carol Lee,71,422.84,30021.64,0.058,28280.38,Accessories
381,2020-01-19,Gadget Y,International,Henry Brown,259,233.43,60458.37,0.015,59551.49,Electronics
382,2023-09-12,Module W,North,Alice Smith,9,13.23,119.07,0.138,102.64,Accessories
383,2022-12-20,Starter Kit,Central,Grace Patel,141,272.5,38422.5,0.072,35656.08,Bundle
384,2021-01-02,Widget B,South,Eva Martinez,471,57.18,26931.78,0.037,25935.3,Hardware
385,2021-12-26,Device Pro,West,Henry Brown,408,204.47,83423.76,0.093,75665.35,Electronics
386,2023-03-03,Gadget Y,North,Alice Smith,357,120.66,43075.62,0.171,35709.69,Electronics
387,2020-07-10,Module Z,International,Alice Smith,195,194.8,37986.0,0.119,33465.67,Accessories
388,2023-12-10,Gadget X,East,Bob Jones,43,254.92,10961.56,0.108,9777.71,Electronics
389,2022-12-17,Widget A,Central,Henry Brown,118,113.58,13402.44,0.217,10494.11,Hardware
390,2021-07-09,Widget A,Central,Alice Smith,474,46.42,22003.08,0.231,16920.37,Hardware
391,2021-01-02,Device Lite,International,Grace Patel,9,481.11,4329.99,0.147,3693.48,Electronics
392,2020-06-06,Device Pro,West,Frank Chen,84,286.33,24051.72,0.142,20636.38,Electronics
393,2022-02-25,Starter Kit,North,Frank Chen,72,397.33,28607.76,0.172,23687.23,Bundle
394,2020-04-19,Widget B,Central,Grace Patel,224,123.74,27717.76,0.019,27191.12,Hardware
395,2021-10-30,Widget A,West,David Kim,325,143.92,46774.0,0.248,35174.05,Hardware
396,2021-12-29,Pack Plus,Central,Grace Patel,482,193.95,93483.9,0.046,89183.64,Accessories
397,2020-06-24,Pack Basic,North,Eva Martinez,152,401.04,60958.08,0.178,50107.54,Accessories
398,2020-11-11,Module Z,West,Frank Chen,365,394.1,143846.5,0.039,138236.49,Accessories
399,2022-01-08,Widget B,East,Eva Martinez,47,12.54,589.38,0.077,544.0,Hardware
400,2020-07-28,Gadget X,Central,Grace Patel,45,101.81,4581.45,0.112,4068.33,Electronics
401,2020-07-30,Widget A,Central,Frank Chen,46,183.41,8436.86,0.023,8242.81,Hardware
402,2022-02-27,Widget A,International,David Kim,150,212.76,31914.0,0.195,25690.77,Hardware
403,2023-03-17,Pack Plus,East,Eva Martinez,87,345.79,30083.73,0.042,28820.21,Accessories
404,2021-07-03,Module W,West,Eva Martinez,75,40.99,3074.25,0.109,2739.16,Accessories
405,2022-09-18,Widget B,International,Henry Brown,185,133.32,24664.2,0.062,23135.02,Hardware
406,2023-05-01,Pack Basic,North,Grace Patel,101,234.34,23668.34,0.034,22863.62,Accessories
407,2021-11-11,Pack Basic,East,Grace Patel,195,403.99,78778.05,0.082,72318.25,Accessories
408,2023-08-26,Pack Basic,International,David Kim,70,157.2,11004.0,0.151,9342.4,Accessories
409,2022-09-08,Device Lite,East,Henry Brown,91,482.63,43919.33,0.242,33290.85,Electronics
410,2023-03-25,Gadget Y,West,Frank Chen,167,194.26,32441.42,0.204,25823.37,Electronics
411,2020-08-21,Pack Basic,International,Alice Smith,103,300.18,30918.54,0.136,26713.62,Accessories
412,2022-08-03,Starter Kit,International,Bob Jones,108,224.83,24281.64,0.073,22509.08,Bundle
413,2022-04-17,Ultra Kit,East,Carol Lee,256,78.19,20016.64,0.076,18495.38,Bundle
414,2022-05-16,Module Z,Central,Grace Patel,38,230.03,8741.14,0.149,7438.71,Accessories
415,2022-12-30,Pack Plus,Central,Alice Smith,473,460.98,218043.54,0.173,180322.01,Accessories
416,2022-01-06,Starter Kit,North,Bob Jones,459,408.02,187281.18,0.148,159563.57,Bundle
417,2021-05-23,Ultra Kit,North,Grace Patel,341,183.94,62723.54,0.162,52562.33,Bundle
418,2021-11-10,Module Z,Central,David Kim,55,15.16,833.8,0.065,779.6,Accessories
419,2022-07-01,Device Lite,International,Carol Lee,201,236.89,47614.89,0.17,39520.36,Electronics
420,2021-12-07,Widget A,North,Bob Jones,248,61.22,15182.56,0.104,13603.57,Hardware
421,2020-10-17,Device Lite,Central,Henry Brown,160,178.09,28494.4,0.196,22909.5,Electronics
422,2021-12-14,Module W,East,Bob Jones,50,224.69,11234.5,0.174,9279.7,Accessories
423,2021-09-06,Widget A,East,Bob Jones,415,358.27,148682.05,0.006,147789.96,Hardware
424,2023-10-18,Gadget X,South,Carol Lee,477,492.1,234731.7,0.061,220413.07,Electronics
425,2021-11-08,Pack Plus,West,Carol Lee,219,479.64,105041.16,0.058,98948.77,Accessories
426,2021-01-16,Ultra Kit,Central,David Kim,337,221.74,74726.38,0.007,74203.3,Bundle
427,2022-07-09,Pack Basic,South,Eva Martinez,220,200.52,44114.4,0.176,36350.27,Accessories
428,2023-12-12,Widget B,South,Frank Chen,296,59.85,17715.6,0.218,13853.6,Hardware
429,2021-10-29,Gadget Y,West,Frank Chen,235,65.83,15470.05,0.168,12871.08,Electronics
430,2023-05-07,Module Z,East,Henry Brown,313,202.34,63332.42,0.029,61495.78,Accessories
431,2023-06-18,Gadget X,Central,Bob Jones,417,340.05,141800.85,0.2,113440.68,Electronics
432,2023-10-08,Gadget X,South,Frank Chen,161,67.74,10906.14,0.076,10077.27,Electronics
433,2023-11-21,Gadget X,Central,Grace Patel,262,200.34,52489.08,0.149,44668.21,Electronics
434,2022-05-16,Gadget X,International,Carol Lee,250,321.39,80347.5,0.173,66447.38,Electronics
435,2023-02-10,Gadget X,West,Alice Smith,251,151.52,38031.52,0.047,36244.04,Electronics
436,2022-01-05,Widget A,Central,Henry Brown,249,76.89,19145.61,0.204,15239.91,Hardware
437,2022-04-17,Ultra Kit,West,Carol Lee,252,213.65,53839.8,0.21,42533.44,Bundle
438,2020-06-18,Pack Basic,North,Eva Martinez,16,399.97,6399.52,0.055,6047.55,Accessories
439,2021-04-05,Pack Plus,International,Henry Brown,148,92.41,13676.68,0.114,12117.54,Accessories
440,2023-01-30,Pack Plus,Central,Frank Chen,58,290.62,16855.96,0.067,15726.61,Accessories
441,2023-01-15,Widget A,West,Bob Jones,390,362.29,141293.1,0.137,121935.95,Hardware
442,2023-08-31,Gadget Y,East,Frank Chen,153,438.65,67113.45,0.008,66576.54,Electronics
443,2020-06-27,Module W,South,David Kim,444,497.03,220681.32,0.194,177869.14,Accessories
444,2023-04-19,Starter Kit,West,Carol Lee,180,431.9,77742.0,0.153,65847.47,Bundle
445,2023-06-15,Gadget X,North,Frank Chen,402,111.23,44714.46,0.052,42389.31,Electronics
446,2022-12-26,Device Pro,International,Eva Martinez,306,273.99,83840.94,0.081,77049.82,Electronics
447,2021-08-15,Pack Basic,International,Bob Jones,137,476.66,65302.42,0.129,56878.41,Accessories
448,2020-10-04,Module Z,International,Carol Lee,471,39.04,18387.84,0.069,17119.08,Accessories
449,2023-12-07,Gadget X,South,Grace Patel,128,81.65,10451.2,0.081,9604.65,Electronics
450,2022-09-29,Gadget X,West,Henry Brown,296,319.87,94681.52,0.157,79816.52,Electronics
451,2020-06-03,Ultra Kit,Central,Eva Martinez,407,441.25,179588.75,0.023,175458.21,Bundle
452,2023-11-23,Device Lite,North,Bob Jones,233,475.61,110817.13,0.082,101730.13,Electronics
453,2022-07-27,Ultra Kit,Central,Grace Patel,341,351.66,119916.06,0.213,94373.94,Bundle
454,2021-03-22,Module Z,East,Frank Chen,423,113.8,48137.4,0.067,44912.19,Accessories
455,2023-01-25,Pack Basic,East,Alice Smith,67,287.4,19255.8,0.121,16925.85,Accessories
456,2020-04-04,Widget B,North,Carol Lee,321,394.1,126506.1,0.115,111957.9,Hardware
457,2022-06-22,Module W,International,Carol Lee,1,495.99,495.99,0.107,442.92,Accessories
458,2023-08-24,Device Pro,North,Frank Chen,82,438.46,35953.72,0.219,28079.86,Electronics
459,2021-05-27,Widget B,North,Grace Patel,191,335.6,64099.6,0.162,53715.46,Hardware
460,2023-07-05,Device Pro,International,Bob Jones,372,352.72,131211.84,0.059,123470.34,Electronics
461,2023-12-12,Widget B,Central,David Kim,1,114.57,114.57,0.019,112.39,Hardware
462,2022-11-29,Ultra Kit,North,Grace Patel,228,14.54,3315.12,0.174,2738.29,Bundle
463,2023-11-22,Gadget X,International,Bob Jones,245,44.7,10951.5,0.096,9900.16,Electronics
464,2020-07-30,Device Lite,South,Carol Lee,189,441.67,83475.63,0.034,80637.46,Electronics
465,2020-05-20,Pack Plus,West,Frank Chen,289,14.14,4086.46,0.163,3420.37,Accessories
466,2021-03-12,Ultra Kit,International,Henry Brown,384,84.16,32317.44,0.103,28988.74,Bundle
467,2021-03-20,Widget B,Central,Grace Patel,460,59.22,27241.2,0.188,22119.85,Hardware
468,2021-12-20,Module Z,International,Bob Jones,162,397.62,64414.44,0.062,60420.74,Accessories
469,2021-05-23,Pack Plus,International,Alice Smith,308,303.99,93628.92,0.152,79397.32,Accessories
470,2023-09-10,Device Pro,International,Grace Patel,106,263.69,27951.14,0.127,24401.35,Electronics
471,2021-08-28,Ultra Kit,South,Henry Brown,28,394.05,11033.4,0.198,8848.79,Bundle
472,2022-03-01,Widget B,Central,Alice Smith,124,254.79,31593.96,0.148,26918.05,Hardware
473,2022-01-09,Device Lite,West,Frank Chen,68,199.54,13568.72,0.21,10719.29,Electronics
474,2023-01-23,Ultra Kit,North,Alice Smith,89,383.73,34151.97,0.239,25989.65,Bundle
475,2023-04-17,Widget B,North,Grace Patel,8,138.46,1107.68,0.01,1096.6,Hardware
476,2022-11-03,Device Pro,West,Grace Patel,322,359.18,115655.96,0.192,93450.02,Electronics
477,2020-06-17,Ultra Kit,North,Eva Martinez,275,273.44,75196.0,0.038,72338.55,Bundle
478,2020-06-10,Pack Plus,Central,Frank Chen,472,109.56,51712.32,0.202,41266.43,Accessories
479,2022-03-11,Pack Basic,International,Bob Jones,325,383.97,124790.25,0.162,104574.23,Accessories
480,2021-09-27,Starter Kit,North,David Kim,224,367.67,82358.08,0.212,64898.17,Bundle
481,2020-06-25,Module Z,East,Carol Lee,60,232.14,13928.4,0.152,11811.28,Accessories
482,2020-09-01,Widget A,West,Frank Chen,363,77.22,28030.86,0.003,27946.77,Hardware
483,2022-12-07,Pack Plus,East,Carol Lee,401,413.02,165621.02,0.065,154855.65,Accessories
484,2021-07-04,Starter Kit,East,Grace Patel,454,67.84,30799.36,0.225,23869.5,Bundle
485,2021-07-11,Pack Plus,International,Bob Jones,33,138.84,4581.72,0.244,3463.78,Accessories
486,2022-10-13,Module W,Central,Carol Lee,262,186.45,48849.9,0.125,42743.66,Accessories
487,2022-01-23,Gadget X,International,Bob Jones,131,388.92,50948.52,0.224,39536.05,Electronics
488,2021-04-12,Starter Kit,North,David Kim,261,11.25,2936.25,0.215,2304.96,Bundle
489,2020-04-04,Module W,North,Grace Patel,187,197.65,36960.55,0.038,35556.05,Accessories
490,2021-04-04,Device Lite,East,Bob Jones,128,213.96,27386.88,0.18,22457.24,Electronics
491,2023-03-16,Device Lite,South,David Kim,62,255.99,15871.38,0.225,12300.32,Electronics
492,2022-11-22,Widget A,East,Eva Martinez,489,206.44,100949.16,0.219,78841.29,Hardware
493,2021-11-01,Widget B,East,Eva Martinez,284,233.8,66399.2,0.092,60290.47,Hardware
494,2023-06-29,Gadget Y,South,David Kim,238,190.44,45324.72,0.243,34310.81,Electronics
495,2020-11-04,Widget A,East,Alice Smith,478,210.91,100814.98,0.058,94967.71,Hardware
496,2021-11-17,Widget A,International,Eva Martinez,389,332.07,129175.23,0.212,101790.08,Hardware
497,2020-07-31,Gadget Y,North,Carol Lee,272,491.72,133747.84,0.105,119704.32,Electronics
498,2023-12-28,Device Pro,Central,Grace Patel,48,31.5,1512.0,0.058,1424.3,Electronics
499,2023-12-06,Device Lite,North,Carol Lee,235,487.52,114567.2,0.021,112161.29,Electronics
500,2023-07-29,Module Z,International,Carol Lee,39,300.02,11700.78,0.016,11513.57,Accessories
501,2021-04-29,Device Pro,West,Frank Chen,134,426.94,57209.96,0.232,43937.25,Electronics
502,2021-10-13,Module W,South,Bob Jones,140,124.46,17424.4,0.236,13312.24,Accessories
503,2020-11-14,Widget B,North,Frank Chen,85,230.28,19573.8,0.079,18027.47,Hardware
504,2021-03-01,Module W,North,Carol Lee,158,237.03,37450.74,0.213,29473.73,Accessories
505,2023-11-06,Device Pro,South,Frank Chen,424,355.3,150647.2,0.151,127899.47,Electronics
506,2020-10-30,Widget B,Central,Alice Smith,365,131.62,48041.3,0.089,43765.62,Hardware
507,2023-10-18,Device Pro,West,Henry Brown,134,411.83,55185.22,0.043,52812.26,Electronics
508,2023-02-12,Starter Kit,South,Bob Jones,282,132.42,37342.44,0.116,33010.72,Bundle
509,2020-01-25,Widget A,South,Grace Patel,426,392.66,167273.16,0.056,157905.86,Hardware
510,2022-02-01,Ultra Kit,Central,Eva Martinez,323,469.4,151616.2,0.021,148432.26,Bundle
511,2020-06-02,Widget A,South,Bob Jones,34,106.89,3634.26,0.161,3049.14,Hardware
512,2021-11-10,Widget B,Central,Grace Patel,22,471.71,10377.62,0.013,10242.71,Hardware
513,2022-03-19,Module W,East,David Kim,16,197.53,3160.48,0.107,2822.31,Accessories
514,2021-01-18,Device Pro,Central,David Kim,144,228.54,32909.76,0.037,31692.1,Electronics
515,2023-08-18,Device Pro,North,Bob Jones,256,211.87,54238.72,0.138,46753.78,Electronics
516,2021-07-26,Module Z,Central,David Kim,71,215.42,15294.82,0.161,12832.35,Accessories
517,2023-07-15,Pack Plus,International,Frank Chen,407,19.56,7960.92,0.096,7196.67,Accessories
518,2022-09-09,Pack Plus,Central,Frank Chen,401,247.48,99239.48,0.228,76612.88,Accessories
519,2022-03-06,Device Pro,North,Eva Martinez,93,22.76,2116.68,0.149,1801.29,Electronics
520,2020-04-29,Module W,South,Carol Lee,272,185.13,50355.36,0.146,43003.48,Accessories
521,2020-07-24,Gadget Y,International,Alice Smith,337,128.15,43186.55,0.133,37442.74,Electronics
522,2021-03-25,Pack Basic,South,Carol Lee,434,491.5,213311.0,0.097,192619.83,Accessories
523,2021-04-29,Pack Basic,Central,Alice Smith,163,405.03,66019.89,0.174,54532.43,Accessories
524,2023-12-11,Starter Kit,Central,David Kim,181,474.29,85846.49,0.141,73742.13,Bundle
525,2022-10-05,Pack Plus,North,David Kim,159,96.01,15265.59,0.009,15128.2,Accessories
526,2023-05-17,Gadget Y,Central,David Kim,11,267.95,2947.45,0.0,2947.45,Electronics
527,2020-09-24,Device Lite,East,Alice Smith,368,96.95,35677.6,0.201,28506.4,Electronics
528,2020-02-14,Gadget X,North,Frank Chen,301,355.29,106942.29,0.035,103199.31,Electronics
529,2020-05-28,Device Lite,North,Frank Chen,361,471.53,170222.33,0.099,153370.32,Electronics
530,2021-09-10,Device Lite,West,Henry Brown,70,488.16,34171.2,0.183,27917.87,Electronics
531,2023-08-22,Device Lite,Central,Frank Chen,90,356.51,32085.9,0.14,27593.87,Electronics
532,2021-04-02,Ultra Kit,International,Eva Martinez,302,409.07,123539.14,0.095,111802.92,Bundle
533,2020-09-17,Gadget X,Central,Grace Patel,374,10.87,4065.38,0.176,3349.87,Electronics
534,2023-03-08,Widget A,Central,David Kim,94,305.16,28685.04,0.23,22087.48,Hardware
535,2023-08-02,Pack Basic,International,Bob Jones,54,468.97,25324.38,0.035,24438.03,Accessories
536,2021-05-02,Device Lite,North,Frank Chen,164,92.25,15129.0,0.221,11785.49,Electronics
537,2022-07-03,Widget A,East,Eva Martinez,136,112.74,15332.64,0.173,12680.09,Hardware
538,2020-08-09,Starter Kit,West,Carol Lee,1,33.58,33.58,0.11,29.89,Bundle
539,2022-04-27,Module W,North,Henry Brown,452,195.56,88393.12,0.137,76283.26,Accessories
540,2023-03-29,Ultra Kit,North,Alice Smith,389,346.7,134866.3,0.041,129336.78,Bundle
541,2021-08-26,Widget A,East,Carol Lee,164,137.94,22622.16,0.026,22033.98,Hardware
542,2022-02-07,Gadget X,North,Frank Chen,375,46.74,17527.5,0.235,13408.54,Electronics
543,2023-05-01,Pack Basic,International,Carol Lee,458,246.53,112910.74,0.008,112007.45,Accessories
544,2023-05-28,Module Z,South,Grace Patel,81,36.23,2934.63,0.083,2691.06,Accessories
545,2023-11-28,Pack Plus,International,Eva Martinez,370,463.52,171502.4,0.135,148349.58,Accessories
546,2021-09-01,Gadget Y,West,Carol Lee,50,34.31,1715.5,0.143,1470.18,Electronics
547,2020-04-21,Device Lite,International,Henry Brown,2,219.52,439.04,0.074,406.55,Electronics
548,2021-02-12,Widget B,North,Henry Brown,14,111.4,1559.6,0.16,1310.06,Hardware
549,2020-08-24,Device Pro,International,Eva Martinez,402,204.75,82309.5,0.122,72267.74,Electronics
550,2020-07-05,Ultra Kit,West,Frank Chen,279,199.88,55766.52,0.093,50580.23,Bundle
551,2021-01-17,Module W,South,Eva Martinez,23,139.01,3197.23,0.116,2826.35,Accessories
552,2023-03-01,Widget A,North,Frank Chen,78,378.59,29530.02,0.167,24598.51,Hardware
553,2023-01-13,Module Z,North,Grace Patel,498,380.65,189563.7,0.057,178758.57,Accessories
554,2022-12-06,Module Z,West,David Kim,495,272.39,134833.05,0.217,105574.28,Accessories
555,2022-09-02,Device Pro,North,Carol Lee,41,203.44,8341.04,0.213,6564.4,Electronics
556,2020-09-03,Module W,South,David Kim,89,475.03,42277.67,0.042,40502.01,Accessories
557,2020-09-15,Widget A,South,Carol Lee,217,48.39,10500.63,0.171,8705.02,Hardware
558,2023-05-03,Device Pro,North,Bob Jones,164,456.28,74829.92,0.229,57693.87,Electronics
559,2022-03-05,Pack Plus,Central,Henry Brown,204,280.5,57222.0,0.214,44976.49,Accessories
560,2020-01-26,Starter Kit,North,Grace Patel,320,297.9,95328.0,0.195,76739.04,Bundle
561,2020-11-02,Gadget X,North,Bob Jones,291,298.08,86741.28,0.19,70260.44,Electronics
562,2023-02-26,Widget B,East,Grace Patel,403,150.18,60522.54,0.134,52412.52,Hardware
563,2021-06-24,Module Z,North,Carol Lee,336,247.93,83304.48,0.152,70642.2,Accessories
564,2021-07-18,Module Z,West,Alice Smith,74,312.93,23156.82,0.17,19220.16,Accessories
565,2022-03-21,Device Lite,East,Frank Chen,354,126.4,44745.6,0.186,36422.92,Electronics
566,2020-02-11,Device Lite,West,Bob Jones,419,398.88,167130.72,0.078,154094.52,Electronics
567,2021-04-11,Gadget X,East,Eva Martinez,154,487.36,75053.44,0.111,66722.51,Electronics
568,2022-05-03,Pack Basic,West,Henry Brown,331,53.74,17787.94,0.11,15831.27,Accessories
569,2022-11-23,Device Lite,North,Eva Martinez,421,37.53,15800.13,0.198,12671.7,Electronics
570,2023-12-24,Pack Plus,Central,Alice Smith,207,76.46,15827.22,0.213,12456.02,Accessories
571,2020-12-21,Gadget Y,South,Alice Smith,449,418.13,187740.37,0.209,148502.63,Electronics
572,2022-07-23,Widget A,East,Henry Brown,471,186.57,87874.47,0.05,83480.75,Hardware
573,2022-10-31,Module Z,South,Frank Chen,326,462.3,150709.8,0.17,125089.13,Accessories
574,2022-09-28,Pack Basic,Central,Frank Chen,229,97.01,22215.29,0.218,17372.36,Accessories
575,2021-12-06,Gadget X,International,Bob Jones,429,448.29,192316.41,0.187,156353.24,Electronics
576,2021-08-06,Widget A,South,David Kim,198,34.32,6795.36,0.213,5347.95,Hardware
577,2023-08-18,Gadget Y,Central,Alice Smith,347,111.29,38617.63,0.163,32322.96,Electronics
578,2023-10-29,Widget A,Central,Alice Smith,243,456.63,110961.09,0.162,92985.39,Hardware
579,2021-04-03,Device Pro,International,Eva Martinez,312,404.48,126197.76,0.076,116606.73,Electronics
580,2022-05-17,Module Z,West,Eva Martinez,437,180.86,79035.82,0.063,74056.56,Accessories
581,2023-10-18,Pack Plus,North,Frank Chen,423,315.56,133481.88,0.146,113993.53,Accessories
582,2023-02-23,Ultra Kit,North,Henry Brown,305,308.42,94068.1,0.075,87012.99,Bundle
583,2020-05-10,Device Lite,East,Eva Martinez,142,323.88,45990.96,0.215,36102.9,Electronics
584,2021-01-20,Gadget X,Central,Grace Patel,265,385.07,102043.55,0.225,79083.75,Electronics
585,2023-09-14,Device Lite,West,Eva Martinez,349,78.56,27417.44,0.006,27252.94,Electronics
586,2021-06-15,Module Z,International,David Kim,208,200.24,41649.92,0.009,41275.07,Accessories
587,2021-12-03,Starter Kit,West,Frank Chen,366,118.95,43535.7,0.134,37701.92,Bundle
588,2022-11-04,Device Pro,Central,Carol Lee,433,93.28,40390.24,0.164,33766.24,Electronics
589,2021-08-24,Widget B,Central,Carol Lee,242,72.68,17588.56,0.065,16445.3,Hardware
590,2023-10-24,Device Lite,International,Eva Martinez,336,53.75,18060.0,0.089,16452.66,Electronics
591,2022-05-11,Device Lite,North,Henry Brown,191,137.66,26293.06,0.074,24347.37,Electronics
592,2020-04-19,Ultra Kit,West,David Kim,299,294.34,88007.66,0.155,74366.47,Bundle
593,2022-10-21,Widget B,West,Alice Smith,445,343.53,152870.85,0.132,132691.9,Hardware
594,2020-11-04,Gadget X,West,Carol Lee,103,177.9,18323.7,0.247,13797.75,Electronics
595,2021-10-09,Starter Kit,International,Carol Lee,93,391.67,36425.31,0.122,31981.42,Bundle
596,2021-10-03,Ultra Kit,South,Carol Lee,30,12.3,369.0,0.068,343.91,Bundle
597,2022-09-29,Widget B,West,Grace Patel,67,311.09,20843.03,0.158,17549.83,Hardware
598,2022-09-04,Module Z,East,Alice Smith,3,28.48,85.44,0.05,81.17,Accessories
599,2021-10-21,Pack Plus,International,David Kim,98,18.77,1839.46,0.001,1837.62,Accessories
600,2021-04-08,Starter Kit,West,Eva Martinez,450,178.72,80424.0,0.032,77850.43,Bundle
601,2020-12-08,Widget B,West,Frank Chen,422,32.39,13668.58,0.237,10429.13,Hardware
602,2022-06-07,Ultra Kit,East,David Kim,69,177.93,12277.17,0.225,9514.81,Bundle
603,2020-12-03,Module Z,South,David Kim,10,121.91,1219.1,0.182,997.22,Accessories
604,2020-02-14,Pack Basic,International,Alice Smith,259,92.79,24032.61,0.092,21821.61,Accessories
605,2022-02-07,Ultra Kit,Central,Alice Smith,131,387.9,50814.9,0.156,42887.78,Bundle
606,2023-09-17,Widget B,North,Grace Patel,335,419.69,140596.15,0.012,138909.0,Hardware
607,2022-06-28,Module Z,South,David Kim,64,278.16,17802.24,0.119,15683.77,Accessories
608,2023-11-24,Ultra Kit,North,Eva Martinez,323,14.55,4699.65,0.105,4206.19,Bundle
609,2023-06-29,Pack Basic,North,Bob Jones,359,77.2,27714.8,0.208,21950.12,Accessories
610,2021-08-01,Widget B,South,Eva Martinez,402,62.06,24948.12,0.05,23700.71,Hardware
611,2022-12-07,Gadget Y,North,Henry Brown,184,354.67,65259.28,0.074,60430.09,Electronics
612,2021-03-01,Starter Kit,North,Bob Jones,478,245.52,117358.56,0.059,110434.4,Bundle
613,2020-08-14,Pack Basic,Central,Bob Jones,343,252.1,86470.3,0.237,65976.84,Accessories
614,2020-07-26,Device Pro,East,Eva Martinez,330,123.26,40675.8,0.247,30628.88,Electronics
615,2022-08-08,Widget A,East,Frank Chen,52,408.45,21239.4,0.219,16587.97,Hardware
616,2023-10-18,Device Lite,North,Alice Smith,219,371.87,81439.53,0.024,79484.98,Electronics
617,2020-10-10,Ultra Kit,West,Eva Martinez,332,93.54,31055.28,0.089,28291.36,Bundle
618,2020-07-09,Device Lite,West,Henry Brown,418,177.92,74370.56,0.028,72288.18,Electronics
619,2021-07-10,Module Z,International,Carol Lee,354,426.82,151094.28,0.2,120875.42,Accessories
620,2020-08-19,Gadget X,South,Bob Jones,357,365.93,130637.01,0.245,98630.94,Electronics
621,2022-05-02,Pack Basic,South,Grace Patel,248,403.1,99968.8,0.17,82974.1,Accessories
622,2022-01-04,Pack Basic,International,Carol Lee,15,432.65,6489.75,0.22,5062.01,Accessories
623,2022-09-16,Module W,North,Eva Martinez,58,444.91,25804.78,0.11,22966.25,Accessories
624,2023-09-03,Device Lite,International,David Kim,7,355.23,2486.61,0.169,2066.37,Electronics
625,2023-10-03,Device Lite,North,Grace Patel,266,266.31,70838.46,0.175,58441.73,Electronics
626,2023-09-17,Starter Kit,International,Grace Patel,128,246.14,31505.92,0.166,26275.94,Bundle
627,2020-10-31,Pack Plus,International,Carol Lee,457,494.01,225762.57,0.014,222601.89,Accessories
628,2022-11-01,Module W,West,Frank Chen,437,252.95,110539.15,0.041,106007.04,Accessories
629,2021-05-08,Device Lite,Central,Grace Patel,497,146.29,72706.13,0.127,63472.45,Electronics
630,2022-04-05,Gadget Y,West,Bob Jones,41,234.95,9632.95,0.2,7706.36,Electronics
631,2022-10-17,Module W,International,Alice Smith,162,68.16,11041.92,0.124,9672.72,Accessories
632,2020-07-29,Module Z,North,Eva Martinez,212,27.55,5840.6,0.137,5040.44,Accessories
633,2022-11-07,Pack Plus,East,Frank Chen,106,330.74,35058.44,0.114,31061.78,Accessories
634,2020-04-21,Gadget Y,Central,Henry Brown,433,232.68,100750.44,0.14,86645.38,Electronics
635,2023-09-07,Device Lite,International,David Kim,367,231.73,85044.91,0.024,83003.83,Electronics
636,2020-01-05,Device Lite,East,Frank Chen,182,416.63,75826.66,0.241,57552.43,Electronics
637,2023-12-08,Widget B,International,Grace Patel,24,449.46,10787.04,0.123,9460.23,Hardware
638,2020-08-07,Device Pro,West,David Kim,313,105.99,33174.87,0.03,32179.62,Electronics
639,2022-07-25,Gadget Y,North,Bob Jones,367,175.58,64437.86,0.189,52259.1,Electronics
640,2022-07-11,Module W,West,Alice Smith,338,298.75,100977.5,0.126,88254.34,Accessories
641,2022-12-22,Starter Kit,Central,Henry Brown,25,281.07,7026.75,0.108,6267.86,Bundle
642,2022-11-07,Gadget X,South,Bob Jones,355,293.48,104185.4,0.183,85119.47,Electronics
643,2022-03-04,Ultra Kit,West,Grace Patel,308,307.01,94559.08,0.08,86994.35,Bundle
644,2023-06-01,Starter Kit,East,Eva Martinez,391,131.63,51467.33,0.099,46372.06,Bundle
645,2022-07-16,Gadget X,International,Eva Martinez,71,212.24,15069.04,0.175,12431.96,Electronics
646,2023-12-07,Pack Plus,Central,David Kim,441,163.81,72240.21,0.184,58948.01,Accessories
647,2021-02-15,Gadget Y,International,Carol Lee,320,360.04,115212.8,0.172,95396.2,Electronics
648,2023-12-25,Ultra Kit,International,Frank Chen,500,479.57,239785.0,0.126,209572.09,Bundle
649,2023-12-25,Widget B,Central,Grace Patel,390,182.59,71210.1,0.12,62664.89,Hardware
650,2023-10-12,Starter Kit,West,Alice Smith,458,422.27,193399.66,0.071,179668.28,Bundle
651,2022-12-06,Widget B,North,David Kim,13,196.62,2556.06,0.013,2522.83,Hardware
652,2021-06-30,Gadget X,North,Eva Martinez,147,344.85,50692.95,0.037,48817.31,Electronics
653,2021-02-21,Pack Plus,Central,David Kim,17,185.74,3157.58,0.113,2800.77,Accessories
654,2023-08-18,Pack Plus,International,Eva Martinez,200,126.41,25282.0,0.196,20326.73,Accessories
655,2023-11-20,Ultra Kit,International,Frank Chen,25,463.97,11599.25,0.097,10474.12,Bundle
656,2023-02-04,Widget A,West,David Kim,7,374.39,2620.73,0.051,2487.07,Hardware
657,2023-07-21,Starter Kit,Central,David Kim,364,327.33,119148.12,0.189,96629.13,Bundle
658,2021-01-31,Device Pro,South,Carol Lee,230,96.93,22293.9,0.171,18481.64,Electronics
659,2022-11-18,Widget B,East,Carol Lee,194,29.9,5800.6,0.07,5394.56,Hardware
660,2020-11-25,Pack Basic,International,Carol Lee,434,134.95,58568.3,0.083,53707.13,Accessories
661,2020-03-22,Gadget X,International,Eva Martinez,476,168.08,80006.08,0.013,78966.0,Electronics
662,2022-10-01,Pack Basic,East,David Kim,282,185.45,52296.9,0.196,42046.71,Accessories
663,2021-01-11,Pack Plus,Central,Grace Patel,35,395.26,13834.1,0.04,13280.74,Accessories
664,2020-07-07,Device Lite,East,Frank Chen,114,442.85,50484.9,0.166,42104.41,Electronics
665,2021-08-24,Gadget Y,Central,Alice Smith,487,378.79,184470.73,0.133,159936.12,Electronics
666,2020-08-22,Ultra Kit,Central,David Kim,178,228.37,40649.86,0.226,31462.99,Bundle
667,2020-03-22,Ultra Kit,North,Grace Patel,454,167.25,75931.5,0.229,58543.19,Bundle
668,2021-06-09,Pack Plus,East,Henry Brown,371,148.58,55123.18,0.228,42555.09,Accessories
669,2022-09-23,Widget A,Central,Bob Jones,152,450.15,68422.8,0.048,65138.51,Hardware
670,2020-07-15,Gadget X,North,Bob Jones,498,478.57,238327.86,0.134,206391.93,Electronics
671,2021-03-07,Ultra Kit,West,Bob Jones,323,389.05,125663.15,0.216,98519.91,Bundle
672,2021-02-25,Pack Plus,West,Bob Jones,425,354.33,150590.25,0.244,113846.23,Accessories
673,2023-11-06,Gadget X,North,Bob Jones,13,235.01,3055.13,0.083,2801.55,Electronics
674,2020-04-21,Gadget X,South,Eva Martinez,407,133.42,54301.94,0.018,53324.51,Electronics
675,2022-04-14,Module Z,North,Grace Patel,231,318.8,73642.8,0.108,65689.38,Accessories
676,2023-10-10,Widget B,North,Alice Smith,274,12.88,3529.12,0.18,2893.88,Hardware
677,2023-12-06,Widget B,International,Eva Martinez,184,464.73,85510.32,0.027,83201.54,Hardware
678,2023-05-27,Widget B,West,Alice Smith,145,384.97,55820.65,0.109,49736.2,Hardware
679,2022-08-28,Gadget X,Central,Eva Martinez,274,117.72,32255.28,0.187,26223.54,Electronics
680,2023-07-22,Gadget X,International,Frank Chen,153,341.86,52304.58,0.229,40326.83,Electronics
681,2020-01-23,Pack Plus,North,Grace Patel,448,281.97,126322.56,0.031,122406.56,Accessories
682,2023-01-05,Pack Plus,International,Frank Chen,485,51.7,25074.5,0.053,23745.55,Accessories
683,2021-03-09,Module Z,South,Carol Lee,464,326.5,151496.0,0.128,132104.51,Accessories
684,2021-03-28,Pack Basic,International,Alice Smith,428,133.83,57279.24,0.029,55618.14,Accessories
685,2023-01-29,Module W,North,Eva Martinez,331,279.33,92458.23,0.073,85708.78,Accessories
686,2020-07-20,Gadget Y,East,Carol Lee,372,294.48,109546.56,0.238,83474.48,Electronics
687,2023-10-06,Ultra Kit,South,Frank Chen,121,59.01,7140.21,0.155,6033.48,Bundle
688,2022-09-22,Module W,Central,Carol Lee,169,312.0,52728.0,0.076,48720.67,Accessories
689,2023-03-04,Pack Basic,South,Alice Smith,187,405.76,75877.12,0.24,57666.61,Accessories
690,2021-10-03,Gadget Y,West,Eva Martinez,403,118.54,47771.62,0.185,38933.87,Electronics
691,2022-01-06,Gadget X,West,Henry Brown,348,369.15,128464.2,0.219,100330.54,Electronics
692,2022-01-04,Device Pro,Central,Bob Jones,250,280.31,70077.5,0.044,66994.09,Electronics
693,2021-07-28,Gadget X,International,Bob Jones,457,273.91,125176.87,0.066,116915.2,Electronics
694,2020-06-03,Widget A,Central,Grace Patel,435,258.51,112451.85,0.008,111552.24,Hardware
695,2023-04-23,Gadget Y,Central,Henry Brown,465,27.95,12996.75,0.065,12151.96,Electronics
696,2023-09-01,Gadget X,Central,Eva Martinez,188,202.31,38034.28,0.223,29552.64,Electronics
697,2020-10-01,Module W,Central,Alice Smith,257,260.09,66843.13,0.099,60225.66,Accessories
698,2023-09-19,Gadget Y,International,Carol Lee,435,482.35,209822.25,0.245,158415.8,Electronics
699,2022-11-18,Gadget X,Central,Carol Lee,229,88.01,20154.29,0.142,17292.38,Electronics
700,2022-09-17,Device Lite,North,Eva Martinez,21,117.21,2461.41,0.122,2161.12,Electronics
701,2022-01-26,Gadget Y,East,Grace Patel,22,337.6,7427.2,0.129,6469.09,Electronics
702,2022-08-19,Module W,East,Bob Jones,452,32.74,14798.48,0.245,11172.85,Accessories
703,2023-12-12,Pack Plus,East,Carol Lee,325,416.52,135369.0,0.209,107076.88,Accessories
704,2022-02-10,Ultra Kit,North,Eva Martinez,194,188.99,36664.06,0.163,30687.82,Bundle
705,2022-02-09,Gadget Y,East,Henry Brown,265,208.85,55345.25,0.204,44054.82,Electronics
706,2022-09-14,Pack Basic,South,David Kim,4,255.89,1023.56,0.035,987.74,Accessories
707,2020-06-06,Pack Plus,South,Frank Chen,330,147.59,48704.7,0.038,46853.92,Accessories
708,2023-05-17,Starter Kit,East,Bob Jones,419,67.97,28479.43,0.058,26827.62,Bundle
709,2022-09-13,Ultra Kit,International,Grace Patel,246,244.71,60198.66,0.148,51289.26,Bundle
710,2020-02-15,Gadget Y,South,Alice Smith,23,72.65,1670.95,0.148,1423.65,Electronics
711,2023-03-18,Gadget X,Central,Grace Patel,29,91.5,2653.5,0.231,2040.54,Electronics
712,2023-05-12,Pack Basic,International,Eva Martinez,327,19.11,6248.97,0.18,5124.16,Accessories
713,2020-06-24,Gadget Y,West,Carol Lee,230,307.19,70653.7,0.118,62316.56,Electronics
714,2021-03-25,Module Z,South,Eva Martinez,308,79.92,24615.36,0.146,21021.52,Accessories
715,2020-12-09,Starter Kit,Central,Bob Jones,352,177.9,62620.8,0.113,55544.65,Bundle
716,2021-04-15,Module Z,Central,Grace Patel,198,74.77,14804.46,0.004,14745.24,Accessories
717,2020-11-02,Pack Basic,Central,Alice Smith,50,96.93,4846.5,0.225,3756.04,Accessories
718,2022-12-24,Pack Plus,South,Alice Smith,386,67.57,26082.02,0.121,22926.1,Accessories
719,2023-10-21,Ultra Kit,North,Grace Patel,221,265.79,58739.59,0.093,53276.81,Bundle
720,2021-04-14,Module W,International,Bob Jones,405,386.64,156589.2,0.088,142809.35,Accessories
721,2022-05-21,Gadget X,North,Eva Martinez,131,243.79,31936.49,0.058,30084.17,Electronics
722,2023-05-10,Pack Plus,International,Alice Smith,210,136.31,28625.1,0.001,28596.47,Accessories
723,2023-03-29,Pack Plus,South,Frank Chen,61,264.67,16144.87,0.094,14627.25,Accessories
724,2022-04-17,Device Lite,East,Eva Martinez,55,85.83,4720.65,0.163,3951.18,Electronics
725,2023-01-02,Module Z,International,Grace Patel,290,189.16,54856.4,0.069,51071.31,Accessories
726,2021-02-21,Module Z,East,Henry Brown,283,394.05,111516.15,0.121,98022.7,Accessories
727,2021-06-03,Device Pro,International,Carol Lee,296,178.72,52901.12,0.176,43590.52,Electronics
728,2023-09-12,Widget B,South,Bob Jones,383,122.58,46948.14,0.196,37746.3,Hardware
729,2021-03-15,Pack Plus,Central,Alice Smith,206,395.17,81405.02,0.2,65124.02,Accessories
730,2020-11-25,Module Z,South,Henry Brown,494,321.57,158855.58,0.201,126925.61,Accessories
731,2023-05-14,Module Z,North,Alice Smith,46,41.39,1903.94,0.055,1799.22,Accessories
732,2022-02-26,Module Z,Central,Alice Smith,315,331.52,104428.8,0.072,96909.93,Accessories
733,2020-12-24,Ultra Kit,International,Eva Martinez,254,225.09,57172.86,0.05,54314.22,Bundle
734,2021-02-02,Widget A,South,Carol Lee,402,303.75,122107.5,0.129,106355.63,Hardware
735,2023-10-12,Widget A,South,Bob Jones,185,127.23,23537.55,0.0,23537.55,Hardware
736,2021-07-19,Module Z,South,Alice Smith,181,338.12,61199.72,0.101,55018.55,Accessories
737,2023-12-12,Widget B,Central,Frank Chen,471,54.17,25514.07,0.071,23702.57,Hardware
738,2021-12-12,Device Pro,West,Alice Smith,116,307.11,35624.76,0.049,33879.15,Electronics
739,2021-06-18,Gadget X,Central,Eva Martinez,209,258.05,53932.45,0.14,46381.91,Electronics
740,2021-11-27,Widget B,Central,Eva Martinez,412,261.5,107738.0,0.064,100842.77,Hardware
741,2023-11-22,Module W,South,Frank Chen,495,194.76,96406.2,0.121,84741.05,Accessories
742,2022-07-28,Ultra Kit,West,Bob Jones,236,449.29,106032.44,0.216,83129.43,Bundle
743,2021-06-12,Widget B,International,David Kim,196,320.48,62814.08,0.249,47173.37,Hardware
744,2021-10-08,Module Z,International,Eva Martinez,490,183.01,89674.9,0.134,77658.46,Accessories
745,2021-05-23,Device Pro,East,Bob Jones,48,205.47,9862.56,0.187,8018.26,Electronics
746,2023-02-09,Gadget X,Central,Eva Martinez,244,163.79,39964.76,0.055,37766.7,Electronics
747,2021-01-09,Starter Kit,International,David Kim,350,465.82,163037.0,0.048,155211.22,Bundle
748,2021-04-25,Starter Kit,South,David Kim,124,437.63,54266.12,0.052,51444.28,Bundle
749,2023-06-20,Device Lite,North,Henry Brown,80,391.67,31333.6,0.03,30393.59,Electronics
750,2023-06-11,Widget A,West,Frank Chen,392,429.96,168544.32,0.239,128262.23,Hardware
751,2023-06-25,Device Lite,Central,Eva Martinez,253,450.07,113867.71,0.22,88816.81,Electronics
752,2022-10-02,Gadget X,South,Carol Lee,392,458.83,179861.36,0.07,167271.06,Electronics
753,2020-04-20,Pack Plus,North,Frank Chen,410,217.35,89113.5,0.235,68171.83,Accessories
754,2022-03-17,Ultra Kit,International,Henry Brown,398,95.64,38064.72,0.244,28776.93,Bundle
755,2021-10-08,Starter Kit,Central,Bob Jones,5,15.78,78.9,0.053,74.72,Bundle
756,2021-10-28,Device Lite,East,David Kim,314,432.29,135739.06,0.047,129359.32,Electronics
757,2021-07-05,Module W,West,Grace Patel,491,310.4,152406.4,0.091,138537.42,Accessories
758,2021-03-07,Module Z,West,Eva Martinez,359,378.57,135906.63,0.091,123539.13,Accessories
759,2022-07-12,Gadget X,South,Bob Jones,293,74.25,21755.25,0.144,18622.49,Electronics
760,2021-07-06,Gadget Y,South,Carol Lee,285,221.78,63207.3,0.095,57202.61,Electronics
761,2022-08-26,Widget A,International,Frank Chen,91,216.54,19705.14,0.034,19035.17,Hardware
762,2022-09-23,Device Pro,West,Bob Jones,129,285.44,36821.76,0.142,31593.07,Electronics
763,2023-11-15,Gadget X,International,Bob Jones,31,115.57,3582.67,0.064,3353.38,Electronics
764,2022-07-10,Starter Kit,Central,Eva Martinez,172,137.28,23612.16,0.09,21487.07,Bundle
765,2021-12-05,Widget A,Central,David Kim,211,69.4,14643.4,0.217,11465.78,Hardware
766,2023-03-27,Pack Basic,East,Frank Chen,333,328.06,109243.98,0.044,104437.24,Accessories
767,2021-10-27,Ultra Kit,North,Grace Patel,262,248.86,65201.32,0.184,53204.28,Bundle
768,2023-06-10,Device Pro,South,Frank Chen,238,319.53,76048.14,0.036,73310.41,Electronics
769,2022-05-13,Ultra Kit,North,Bob Jones,314,290.09,91088.26,0.212,71777.55,Bundle
770,2020-11-27,Device Lite,International,Eva Martinez,117,163.6,19141.2,0.163,16021.18,Electronics
771,2023-05-24,Ultra Kit,East,Henry Brown,203,142.9,29008.7,0.111,25788.73,Bundle
772,2022-04-27,Gadget X,South,Eva Martinez,95,428.55,40712.25,0.031,39450.17,Electronics
773,2023-12-06,Starter Kit,North,Bob Jones,41,113.17,4639.97,0.099,4180.61,Bundle
774,2022-08-27,Pack Plus,North,Bob Jones,28,22.91,641.48,0.099,577.97,Accessories
775,2021-06-21,Pack Basic,West,Eva Martinez,80,51.3,4104.0,0.233,3147.77,Accessories
776,2021-04-14,Gadget Y,South,Carol Lee,378,149.24,56412.72,0.157,47555.92,Electronics
777,2020-02-28,Widget A,West,Henry Brown,340,184.84,62845.6,0.229,48453.96,Hardware
778,2023-01-12,Device Pro,International,Carol Lee,281,227.96,64056.76,0.242,48555.02,Electronics
779,2023-04-25,Pack Basic,Central,Grace Patel,234,319.2,74692.8,0.159,62816.64,Accessories
780,2022-12-08,Ultra Kit,West,David Kim,328,271.54,89065.12,0.227,68847.34,Bundle
781,2020-07-02,Module W,East,Alice Smith,158,189.22,29896.76,0.065,27953.47,Accessories
782,2020-01-01,Pack Plus,East,Henry Brown,418,381.55,159487.9,0.034,154065.31,Accessories
783,2022-12-31,Widget A,West,Eva Martinez,353,461.81,163018.93,0.237,124383.44,Hardware
784,2020-01-19,Module Z,North,Frank Chen,409,153.52,62789.68,0.058,59147.88,Accessories
785,2021-01-21,Module Z,South,Grace Patel,452,284.66,128666.32,0.099,115928.35,Accessories
786,2022-02-13,Gadget Y,Central,Eva Martinez,135,48.8,6588.0,0.156,5560.27,Electronics
787,2021-08-06,Ultra Kit,South,Bob Jones,381,270.64,103113.84,0.067,96205.21,Bundle
788,2021-01-08,Gadget X,West,Eva Martinez,149,64.06,9544.94,0.114,8456.82,Electronics
789,2023-12-05,Pack Basic,North,Alice Smith,252,102.01,25706.52,0.005,25577.99,Accessories
790,2021-01-15,Widget B,International,Alice Smith,145,141.9,20575.5,0.179,16892.49,Hardware
791,2021-04-21,Widget B,West,Eva Martinez,78,17.21,1342.38,0.054,1269.89,Hardware
792,2022-10-17,Device Lite,North,Carol Lee,238,351.49,83654.62,0.008,82985.38,Electronics
793,2020-04-24,Device Pro,South,David Kim,398,202.28,80507.44,0.136,69558.43,Electronics
794,2021-05-27,Module Z,International,David Kim,425,16.17,6872.25,0.244,5195.42,Accessories
795,2022-02-27,Module W,West,Bob Jones,127,371.42,47170.34,0.008,46792.98,Accessories
796,2022-12-03,Ultra Kit,East,Frank Chen,107,241.67,25858.69,0.17,21462.71,Bundle
797,2020-11-20,Ultra Kit,Central,Bob Jones,373,30.66,11436.18,0.234,8760.11,Bundle
798,2021-06-02,Module W,North,David Kim,327,156.41,51146.07,0.09,46542.92,Accessories
799,2020-08-19,Gadget Y,East,Bob Jones,325,222.73,72387.25,0.004,72097.7,Electronics
800,2022-03-21,Gadget Y,International,Henry Brown,5,484.72,2423.6,0.145,2072.18,Electronics
801,2023-11-10,Pack Basic,South,Henry Brown,80,191.98,15358.4,0.022,15020.52,Accessories
802,2020-07-06,Ultra Kit,International,Alice Smith,317,175.82,55734.94,0.242,42247.08,Bundle
803,2020-05-02,Device Lite,North,Carol Lee,331,85.41,28270.71,0.134,24482.43,Electronics
804,2022-09-26,Gadget Y,East,Henry Brown,163,491.01,80034.63,0.197,64267.81,Electronics
805,2021-01-30,Widget A,East,Alice Smith,353,195.1,68870.3,0.181,56404.78,Hardware
806,2022-09-20,Starter Kit,West,David Kim,225,283.91,63879.75,0.136,55192.1,Bundle
807,2023-03-06,Gadget X,East,Carol Lee,279,180.35,50317.65,0.183,41109.52,Electronics
808,2020-05-21,Pack Plus,Central,Frank Chen,80,230.19,18415.2,0.205,14640.08,Accessories
809,2022-07-18,Widget A,South,Alice Smith,398,322.62,128402.76,0.095,116204.5,Hardware
810,2023-06-23,Device Lite,North,Grace Patel,398,313.89,124928.22,0.08,114933.96,Electronics
811,2021-01-23,Pack Plus,Central,Eva Martinez,350,253.79,88826.5,0.138,76568.44,Accessories
812,2021-10-22,Module Z,International,Bob Jones,329,167.78,55199.62,0.024,53874.83,Accessories
813,2020-03-30,Gadget X,West,David Kim,92,438.0,40296.0,0.051,38240.9,Electronics
814,2020-07-21,Widget A,West,Eva Martinez,293,324.45,95063.85,0.097,85842.66,Hardware
815,2020-04-10,Device Lite,South,Henry Brown,114,306.91,34987.74,0.018,34357.96,Electronics
816,2020-06-12,Module W,International,Grace Patel,411,323.06,132777.66,0.09,120827.67,Accessories
817,2022-01-25,Starter Kit,North,Bob Jones,30,413.58,12407.4,0.066,11588.51,Bundle
818,2021-09-14,Widget B,North,David Kim,484,115.78,56037.52,0.13,48752.64,Hardware
819,2022-12-24,Module Z,Central,Carol Lee,98,104.62,10252.76,0.164,8571.31,Accessories
820,2023-02-17,Starter Kit,International,Frank Chen,286,213.43,61040.98,0.026,59453.91,Bundle
821,2023-10-13,Module W,South,Carol Lee,360,335.96,120945.6,0.221,94216.62,Accessories
822,2023-01-31,Module Z,Central,Henry Brown,259,175.37,45420.83,0.04,43604.0,Accessories
823,2021-12-22,Device Lite,East,Grace Patel,282,495.81,139818.42,0.081,128493.13,Electronics
824,2023-07-20,Module Z,Central,David Kim,423,365.67,154678.41,0.152,131167.29,Accessories
825,2022-02-07,Pack Plus,West,Henry Brown,475,374.83,178044.25,0.09,162020.27,Accessories
826,2022-03-24,Widget A,North,Carol Lee,372,26.97,10032.84,0.071,9320.51,Hardware
827,2021-09-10,Widget A,East,Alice Smith,154,492.34,75820.36,0.054,71726.06,Hardware
828,2023-11-13,Device Pro,Central,Carol Lee,471,281.28,132482.88,0.139,114067.76,Electronics
829,2020-07-12,Widget A,East,David Kim,236,184.26,43485.36,0.035,41963.37,Hardware
830,2021-04-22,Device Pro,Central,David Kim,416,157.14,65370.24,0.143,56022.3,Electronics
831,2020-06-07,Starter Kit,International,Bob Jones,167,398.51,66551.17,0.043,63689.47,Bundle
832,2023-05-04,Ultra Kit,West,Bob Jones,154,28.3,4358.2,0.202,3477.84,Bundle
833,2020-04-24,Device Lite,North,David Kim,179,441.09,78955.11,0.109,70349.0,Electronics
834,2023-08-29,Pack Basic,West,Alice Smith,476,15.59,7420.84,0.194,5981.2,Accessories
835,2021-09-16,Pack Plus,East,David Kim,22,166.46,3662.12,0.141,3145.76,Accessories
836,2020-11-09,Widget A,West,Bob Jones,345,368.46,127118.7,0.098,114661.07,Hardware
837,2021-03-30,Module Z,East,Bob Jones,149,395.31,58901.19,0.037,56721.85,Accessories
838,2022-09-01,Pack Basic,North,Grace Patel,382,34.15,13045.3,0.1,11740.77,Accessories
839,2022-10-24,Module Z,West,David Kim,397,351.95,139724.15,0.191,113036.84,Accessories
840,2022-09-26,Module Z,International,David Kim,334,289.94,96839.96,0.14,83282.37,Accessories
841,2021-05-11,Widget B,Central,Bob Jones,137,390.61,53513.57,0.081,49178.97,Hardware
842,2020-08-18,Ultra Kit,East,Frank Chen,212,217.52,46114.24,0.087,42102.3,Bundle
843,2023-05-01,Ultra Kit,East,Henry Brown,13,387.13,5032.69,0.042,4821.32,Bundle
844,2023-06-30,Gadget X,South,Frank Chen,226,31.98,7227.48,0.205,5745.85,Electronics
845,2020-11-15,Starter Kit,South,Carol Lee,437,52.04,22741.48,0.185,18534.31,Bundle
846,2021-08-12,Widget A,West,Henry Brown,176,349.95,61591.2,0.028,59866.65,Hardware
847,2020-02-16,Device Lite,Central,Eva Martinez,108,372.6,40240.8,0.053,38108.04,Electronics
848,2023-01-28,Module W,International,Alice Smith,319,367.65,117280.35,0.035,113175.54,Accessories
849,2022-02-10,Pack Basic,South,Alice Smith,464,335.12,155495.68,0.011,153785.23,Accessories
850,2021-08-04,Gadget Y,West,Alice Smith,405,351.29,142272.45,0.068,132597.92,Electronics
851,2020-05-16,Module Z,International,Frank Chen,339,142.93,48453.27,0.213,38132.72,Accessories
852,2020-08-08,Widget A,South,Grace Patel,150,435.02,65253.0,0.162,54682.01,Hardware
853,2022-11-07,Starter Kit,Central,Bob Jones,51,452.89,23097.39,0.121,20302.61,Bundle
854,2021-01-16,Gadget Y,International,Alice Smith,257,483.72,124316.04,0.14,106911.79,Electronics
855,2020-03-22,Gadget Y,West,Carol Lee,473,269.4,127426.2,0.083,116849.83,Electronics
856,2020-02-07,Device Lite,South,Eva Martinez,351,182.43,64032.93,0.156,54043.79,Electronics
857,2020-05-06,Ultra Kit,North,Eva Martinez,132,440.54,58151.28,0.223,45183.54,Bundle
858,2021-04-06,Gadget X,North,Grace Patel,175,449.61,78681.75,0.164,65777.94,Electronics
859,2022-12-02,Ultra Kit,West,David Kim,314,437.61,137409.54,0.172,113775.1,Bundle
860,2023-03-19,Gadget X,East,Henry Brown,219,485.55,106335.45,0.227,82197.3,Electronics
861,2023-01-15,Gadget X,International,David Kim,106,329.7,34948.2,0.145,29880.71,Electronics
862,2020-10-09,Device Pro,South,Grace Patel,353,355.51,125495.03,0.131,109055.18,Electronics
863,2020-10-24,Ultra Kit,North,Bob Jones,478,286.76,137071.28,0.04,131588.43,Bundle
864,2021-01-12,Device Lite,East,Grace Patel,430,441.01,189634.3,0.182,155120.86,Electronics
865,2022-04-22,Device Pro,International,Eva Martinez,227,375.34,85202.18,0.205,67735.73,Electronics
866,2020-11-07,Gadget Y,Central,Eva Martinez,55,74.45,4094.75,0.007,4066.09,Electronics
867,2023-05-25,Pack Basic,International,Alice Smith,314,123.14,38665.96,0.058,36423.33,Accessories
868,2022-01-05,Widget B,Central,Henry Brown,353,392.1,138411.3,0.034,133705.32,Hardware
869,2023-12-29,Ultra Kit,West,Carol Lee,192,100.14,19226.88,0.097,17361.87,Bundle
870,2020-12-01,Gadget Y,North,Eva Martinez,116,25.78,2990.48,0.191,2419.3,Electronics
871,2022-04-25,Gadget Y,South,Bob Jones,381,338.95,129139.95,0.051,122553.81,Electronics
872,2020-12-28,Module W,West,David Kim,444,312.35,138683.4,0.172,114829.86,Accessories
873,2022-05-25,Module Z,West,Frank Chen,398,30.48,12131.04,0.184,9898.93,Accessories
874,2022-03-18,Pack Basic,Central,Alice Smith,481,373.8,179797.8,0.148,153187.73,Accessories
875,2022-12-02,Widget B,South,Grace Patel,232,233.87,54257.84,0.219,42375.37,Hardware
876,2020-03-21,Pack Plus,North,David Kim,199,262.89,52315.11,0.158,44049.32,Accessories
877,2021-08-19,Module W,East,Henry Brown,204,443.34,90441.36,0.193,72986.18,Accessories
878,2020-12-06,Module Z,Central,Carol Lee,151,310.43,46874.93,0.014,46218.68,Accessories
879,2022-08-07,Ultra Kit,South,Carol Lee,232,54.31,12599.92,0.125,11024.93,Bundle
880,2022-03-16,Module Z,Central,David Kim,166,230.92,38332.72,0.045,36607.75,Accessories
881,2022-07-20,Widget B,International,Carol Lee,129,168.79,21773.91,0.162,18246.54,Hardware
882,2020-09-10,Widget B,North,Grace Patel,59,356.04,21006.36,0.159,17666.35,Hardware
883,2022-11-13,Pack Basic,North,Carol Lee,487,88.34,43021.58,0.138,37084.6,Accessories
884,2021-11-17,Pack Basic,South,Carol Lee,447,333.16,148922.52,0.038,143263.46,Accessories
885,2023-12-29,Widget A,West,Eva Martinez,215,160.94,34602.1,0.183,28269.92,Hardware
886,2023-07-06,Gadget X,North,Eva Martinez,61,450.28,27467.08,0.24,20874.98,Electronics
887,2020-01-26,Module W,North,Henry Brown,255,429.14,109430.7,0.136,94548.12,Accessories
888,2021-05-02,Gadget Y,West,Bob Jones,302,333.13,100605.26,0.113,89236.87,Electronics
889,2023-05-16,Pack Basic,Central,David Kim,4,129.9,519.6,0.137,448.41,Accessories
890,2020-04-10,Gadget X,South,Alice Smith,76,36.97,2809.72,0.087,2565.27,Electronics
891,2023-09-28,Pack Basic,North,Alice Smith,430,305.6,131408.0,0.083,120501.14,Accessories
892,2020-08-11,Module Z,International,Carol Lee,92,89.04,8191.68,0.071,7610.07,Accessories
893,2022-07-21,Starter Kit,East,Frank Chen,297,186.48,55384.56,0.009,54886.1,Bundle
894,2022-01-24,Module Z,Central,Bob Jones,420,43.15,18123.0,0.107,16183.84,Accessories
895,2021-08-22,Module W,East,Grace Patel,69,69.78,4814.82,0.215,3779.63,Accessories
896,2022-12-10,Gadget Y,Central,Bob Jones,357,112.42,40133.94,0.015,39531.93,Electronics
897,2022-09-17,Starter Kit,International,Eva Martinez,353,306.33,108134.49,0.197,86832.0,Bundle
898,2022-05-24,Pack Basic,Central,Frank Chen,435,165.07,71805.45,0.131,62398.94,Accessories
899,2020-09-22,Pack Basic,West,Henry Brown,289,253.22,73180.58,0.182,59861.71,Accessories
900,2021-01-03,Pack Basic,North,Bob Jones,120,357.2,42864.0,0.245,32362.32,Accessories
901,2020-02-19,Module W,South,Grace Patel,321,400.39,128525.19,0.184,104876.56,Accessories
902,2022-04-27,Widget A,South,Alice Smith,171,181.32,31005.72,0.202,24742.56,Hardware
903,2023-08-04,Gadget Y,East,Eva Martinez,354,147.99,52388.46,0.198,42015.54,Electronics
904,2022-11-03,Pack Plus,East,Frank Chen,166,385.84,64049.44,0.028,62256.06,Accessories
905,2022-03-22,Starter Kit,South,David Kim,292,311.83,91054.36,0.007,90416.98,Bundle
906,2021-11-07,Device Lite,North,Carol Lee,473,339.5,160583.5,0.229,123809.88,Electronics
907,2022-09-13,Gadget X,East,Henry Brown,322,235.69,75892.18,0.216,59499.47,Electronics
908,2022-04-27,Starter Kit,International,Frank Chen,29,419.19,12156.51,0.075,11244.77,Bundle
909,2023-02-11,Pack Plus,East,Bob Jones,10,112.04,1120.4,0.171,928.81,Accessories
910,2020-11-01,Device Pro,International,Carol Lee,431,25.26,10887.06,0.246,8208.84,Electronics
911,2023-03-15,Pack Basic,East,Frank Chen,200,101.81,20362.0,0.029,19771.5,Accessories
912,2023-12-24,Widget A,South,Frank Chen,140,212.79,29790.6,0.124,26096.57,Hardware
913,2022-07-14,Device Pro,East,Alice Smith,111,267.29,29669.19,0.044,28363.75,Electronics
914,2021-02-17,Widget B,Central,Carol Lee,228,257.93,58808.04,0.2,47046.43,Hardware
915,2021-01-24,Device Lite,East,Frank Chen,473,246.89,116778.97,0.218,91321.15,Electronics
916,2020-10-20,Widget B,South,David Kim,421,491.3,206837.3,0.129,180155.29,Hardware
917,2020-03-15,Module W,North,Eva Martinez,199,359.69,71578.31,0.131,62201.55,Accessories
918,2020-03-31,Ultra Kit,West,Alice Smith,435,301.19,131017.65,0.022,128135.26,Bundle
919,2020-07-30,Pack Plus,Central,Eva Martinez,393,332.89,130825.77,0.078,120621.36,Accessories
920,2023-08-01,Gadget Y,Central,Frank Chen,165,108.26,17862.9,0.072,16576.77,Electronics
921,2022-06-22,Ultra Kit,North,Alice Smith,61,143.59,8758.99,0.039,8417.39,Bundle
922,2023-06-29,Pack Plus,Central,Frank Chen,264,60.15,15879.6,0.136,13719.97,Accessories
923,2021-07-09,Gadget X,South,Carol Lee,483,355.12,171522.96,0.071,159344.83,Electronics
924,2020-05-25,Device Pro,North,Carol Lee,314,447.19,140417.66,0.135,121461.28,Electronics
925,2020-02-29,Module W,North,Bob Jones,463,340.98,157873.74,0.026,153769.02,Accessories
926,2022-05-23,Module Z,International,Henry Brown,92,355.28,32685.76,0.223,25396.84,Accessories
927,2023-06-16,Device Lite,International,Bob Jones,160,172.83,27652.8,0.05,26270.16,Electronics
928,2022-08-11,Pack Basic,International,Henry Brown,68,55.52,3775.36,0.201,3016.51,Accessories
929,2020-07-18,Module W,West,Henry Brown,159,345.38,54915.42,0.178,45140.48,Accessories
930,2021-04-19,Gadget Y,East,Grace Patel,74,431.93,31962.82,0.154,27040.55,Electronics
931,2021-01-10,Starter Kit,East,Henry Brown,470,335.93,157887.1,0.197,126783.34,Bundle
932,2022-09-25,Widget A,West,Carol Lee,34,242.9,8258.6,0.088,7531.84,Hardware
933,2021-08-01,Device Lite,West,Bob Jones,310,291.58,90389.8,0.127,78910.3,Electronics
934,2021-10-29,Pack Plus,West,Grace Patel,333,44.74,14898.42,0.076,13766.14,Accessories
935,2023-04-24,Module Z,West,Grace Patel,123,314.22,38649.06,0.137,33354.14,Accessories
936,2020-05-15,Device Lite,West,Frank Chen,107,408.81,43742.67,0.148,37268.75,Electronics
937,2023-01-20,Starter Kit,International,Henry Brown,121,94.8,11470.8,0.167,9555.18,Bundle
938,2020-08-22,Pack Basic,West,Carol Lee,306,236.82,72466.92,0.139,62394.02,Accessories
939,2021-09-22,Module Z,Central,Grace Patel,36,303.14,10913.04,0.171,9046.91,Accessories
940,2021-11-01,Module W,South,Alice Smith,331,333.47,110378.57,0.023,107839.86,Accessories
941,2020-10-27,Ultra Kit,Central,Henry Brown,77,231.95,17860.15,0.073,16556.36,Bundle
942,2021-02-04,Gadget Y,International,Eva Martinez,349,439.93,153535.57,0.075,142020.4,Electronics
943,2022-06-09,Starter Kit,North,Grace Patel,469,178.68,83800.92,0.022,81957.3,Bundle
944,2020-09-18,Device Pro,North,Alice Smith,32,190.91,6109.12,0.137,5272.17,Electronics
945,2023-12-11,Pack Plus,East,Alice Smith,421,489.55,206100.55,0.027,200535.84,Accessories
946,2021-04-26,Module Z,International,Grace Patel,360,299.17,107701.2,0.156,90899.81,Accessories
947,2022-04-11,Module Z,West,Carol Lee,223,277.1,61793.3,0.166,51535.61,Accessories
948,2021-01-20,Pack Plus,West,Carol Lee,197,423.22,83374.34,0.09,75870.65,Accessories
949,2021-08-13,Ultra Kit,North,Carol Lee,65,75.79,4926.35,0.018,4837.68,Bundle
950,2022-09-23,Ultra Kit,South,Grace Patel,224,487.73,109251.52,0.034,105536.97,Bundle
951,2022-07-22,Starter Kit,West,Grace Patel,310,465.84,144410.4,0.156,121882.38,Bundle
952,2023-02-04,Module W,Central,Alice Smith,197,184.09,36265.73,0.046,34597.51,Accessories
953,2023-03-29,Module W,East,Grace Patel,434,368.14,159772.76,0.178,131333.21,Accessories
954,2023-01-23,Pack Basic,West,Frank Chen,188,26.39,4961.32,0.009,4916.67,Accessories
955,2020-08-19,Pack Basic,International,Eva Martinez,247,481.24,118866.28,0.02,116488.95,Accessories
956,2022-08-10,Pack Plus,South,Henry Brown,41,266.43,10923.63,0.153,9252.31,Accessories
957,2023-07-15,Starter Kit,International,Eva Martinez,340,480.59,163400.6,0.02,160132.59,Bundle
958,2023-06-09,Widget A,West,Henry Brown,463,178.33,82566.79,0.195,66466.27,Hardware
959,2022-11-15,Module W,East,Eva Martinez,294,369.56,108650.64,0.105,97242.32,Accessories
960,2020-12-09,Widget A,International,Eva Martinez,356,462.19,164539.64,0.187,133770.73,Hardware
961,2020-05-05,Ultra Kit,International,Eva Martinez,243,293.28,71267.04,0.143,61075.85,Bundle
962,2023-07-02,Widget A,North,Eva Martinez,147,247.52,36385.44,0.032,35221.11,Hardware
963,2021-05-31,Gadget X,North,Bob Jones,316,147.67,46663.72,0.214,36677.68,Electronics
964,2023-05-21,Gadget X,West,Frank Chen,466,299.96,139781.36,0.038,134469.67,Electronics
965,2020-12-25,Device Pro,Central,Alice Smith,401,353.37,141701.37,0.121,124555.5,Electronics
966,2021-12-03,Widget B,South,Henry Brown,496,81.07,40210.72,0.233,30841.62,Hardware
967,2022-04-25,Module Z,South,David Kim,122,333.72,40713.84,0.181,33344.63,Accessories
968,2023-03-29,Starter Kit,North,Alice Smith,432,179.08,77362.56,0.161,64907.19,Bundle
969,2020-12-09,Module W,Central,David Kim,205,243.34,49884.7,0.119,43948.42,Accessories
970,2022-02-16,Ultra Kit,Central,Grace Patel,362,201.12,72805.44,0.066,68000.28,Bundle
971,2020-01-25,Device Pro,East,Alice Smith,475,400.67,190318.25,0.096,172047.7,Electronics
972,2020-07-18,Pack Plus,Central,Eva Martinez,327,183.37,59961.99,0.211,47310.01,Accessories
973,2021-11-17,Device Pro,Central,Grace Patel,137,403.13,55228.81,0.064,51694.17,Electronics
974,2022-08-02,Ultra Kit,South,Frank Chen,384,128.47,49332.48,0.168,41044.62,Bundle
975,2023-10-19,Starter Kit,North,Bob Jones,93,163.49,15204.57,0.003,15158.96,Bundle
976,2020-01-25,Module Z,East,David Kim,51,267.37,13635.87,0.171,11304.14,Accessories
977,2021-08-03,Device Pro,North,David Kim,99,26.67,2640.33,0.155,2231.08,Electronics
978,2023-05-12,Ultra Kit,Central,Carol Lee,63,356.95,22487.85,0.03,21813.21,Bundle
979,2022-02-08,Ultra Kit,South,Bob Jones,392,450.94,176768.48,0.142,151667.36,Bundle
980,2023-11-25,Gadget X,North,Henry Brown,130,154.33,20062.9,0.165,16752.52,Electronics
981,2021-07-20,Module Z,East,Eva Martinez,355,452.65,160690.75,0.192,129838.13,Accessories
982,2020-11-27,Widget B,East,Alice Smith,142,390.77,55489.34,0.096,50162.36,Hardware
983,2021-06-12,Device Pro,South,Grace Patel,92,225.87,20780.04,0.123,18224.1,Electronics
984,2020-12-31,Ultra Kit,West,David Kim,252,63.12,15906.24,0.135,13758.9,Bundle
985,2023-06-11,Ultra Kit,North,Alice Smith,55,457.17,25144.35,0.179,20643.51,Bundle
986,2020-05-29,Widget B,North,Henry Brown,293,366.49,107381.57,0.194,86549.55,Hardware
987,2020-10-31,Ultra Kit,West,Eva Martinez,328,10.42,3417.76,0.009,3387.0,Bundle
988,2020-11-06,Starter Kit,Central,Henry Brown,169,453.25,76599.25,0.144,65568.96,Bundle
989,2022-09-06,Module Z,North,David Kim,207,423.57,87678.99,0.195,70581.59,Accessories
990,2020-01-07,Module Z,North,Frank Chen,489,347.73,170039.97,0.195,136882.18,Accessories
991,2021-11-13,Ultra Kit,International,Bob Jones,156,206.29,32181.24,0.158,27096.6,Bundle
992,2022-01-18,Pack Plus,West,Eva Martinez,437,480.84,210127.08,0.02,205924.54,Accessories
993,2023-08-19,Gadget Y,International,David Kim,91,281.68,25632.88,0.242,19429.72,Electronics
994,2021-09-04,Starter Kit,East,Henry Brown,200,449.26,89852.0,0.158,75655.38,Bundle
995,2020-06-22,Ultra Kit,South,Alice Smith,225,370.3,83317.5,0.035,80401.39,Bundle
996,2023-04-29,Gadget Y,International,Eva Martinez,251,200.49,50322.99,0.198,40359.04,Electronics
997,2022-10-20,Pack Plus,North,Alice Smith,495,418.77,207291.15,0.112,184074.54,Accessories
998,2021-11-25,Widget A,North,David Kim,173,396.0,68508.0,0.011,67754.41,Hardware
999,2023-09-01,Ultra Kit,Central,Carol Lee,268,234.59,62870.12,0.17,52182.2,Bundle
1000,2023-04-01,Gadget Y,West,Alice Smith,474,45.29,21467.46,0.184,17517.45,Electronics
